smiles_1,smiles_2,props_1,props_2,sim,ts_sali
CCCNc1nc(SC)nc2c1cnn2CC(Cl)c1ccccc1,Cc1c2cc(NC(=O)C3CC3)ncc2cc(-c2ccccc2Cl)[n+]1[O-],5.318758762624413,9.0,0.16470588235294117,0.16211731629077572
COC(=O)Nc1nc2ccc(C(=O)c3ccccc3)cc2[nH]1,O=C(Nc1cc2ccc(Nc3ccccc3)cc2cn1)C1CC1,5.337242168318426,9.0,0.24193548387096775,0.17636798689258892
Cc1ccc(N2NC(=O)/C(=C/c3ccc(-c4ccc(C)c(Cl)c4)o3)C2=O)cc1C,Cc1ccc(F)cc1-c1ccc2cc(NC(=O)C3CCN(C)CC3)ncc2c1,5.301029995663981,9.0,0.1744186046511628,0.16557684414306
O=C(Nc1cccc(C(F)(F)F)n1)Nc1ccnc2cc(Cl)ccc12,Cc1cc(Cl)ccc1-c1ccc2cc(NC(=O)C3CC3)ncc2c1,5.40000018605658,9.0,0.24,0.16996053283206794
Nc1ncnc2c1N=C(c1ccccc1)CCN2,O=C(Nc1cc2ccc(Nc3ccccc3)cc2cn1)C1CC1,5.40000018605658,9.0,0.140625,0.15074828153707856
O=C(Nc1ncc(Cc2ccc(Cl)cc2Cl)s1)c1cccs1,Cc1cc(Cl)ccc1-c1ccc2cc(NC(=O)C3CC3)ncc2c1,5.45917018588892,9.0,0.2236842105263158,0.16109537929405213
N#CCC(C1CCCC1)n1cc(-c2ncnc3[nH]ccc23)cn1,O=C(Nc1cc2ccc(-c3ccc4[nH]ccc4c3)cc2cn1)C1CC1,5.499999678657065,9.0,0.19480519480519481,0.15191802725188905
Fc1ccc(CNc2ncnc3c2cnn3CC(Cl)c2ccc(Br)cc2)cc1F,Clc1ccccc1CNc1ncnc2c1cnn2CC(Cl)c1ccc(Br)cc1,5.567030709125595,8.455931955649724,0.65625,0.19775567344752104
N#Cc1cccc(NC(=O)Nc2ccnc3cc(C(F)(F)F)ccc23)n1,Cc1ccc(F)cc1-c1cc2cnc(NC(=O)C3CC3)cc2c(C#N)n1,5.59999938302362,9.0,0.24096385542168675,0.15178501207263762
Nc1ncnc2scc(-c3ccccc3)c12,Cc1cccc(NC(=O)Nc2ccc(-c3csc4c(-c5cn[nH]c5)cnc(N)c34)cc2)c1,5.59999938302362,8.79997073344623,0.2835820895522388,0.14200641441980846
CC(C)Cc1nc(Nc2ccc(N3CCOCC3)c(Cl)c2)nc2[nH]ccc12,Clc1cccc(Cl)c1-c1ccc2cc(Nc3ccnc(N4CCOCC4)n3)ncc2c1,5.59999938302362,8.987162775294827,0.25301204819277107,0.15295910391244733
O=C(Nc1ccc([N+](=O)[O-])cc1)N1CCc2[nH]c3c(Cl)cc(Cl)cc3c2C1,N#Cc1ccc(Cl)cc1-c1ccc2cc(NC(=O)C3CC3)ncc2c1,5.59999938302362,8.954242509439325,0.2289156626506024,0.1455100460546257
Cn1c(=O)c(-c2ccccc2)cc2cnc(NCc3cccc(N)c3)nc21,CCN(CC)CCOc1ccc(Nc2ncc3cc(-c4c(Cl)cccc4Cl)c(=O)n(C)c3n2)cc1,5.698970004336019,8.700011062322112,0.38461538461538464,0.14314891229658752
Fc1ccc(C(Cl)Cn2ncc3c(NCc4ccccn4)ncnc32)cc1,Clc1ccccc1CNc1ncnc2c1cnn2CC(Cl)c1ccc(Br)cc1,5.6777807052660805,8.455931955649724,0.609375,0.17033876695223302
Cc1ccc(NCc2ccc(-c3ccc(F)cc3)nc2)cc1,Cc1ccc(F)cc1-c1ccc2cc(NC(=O)C(F)F)ncc2c1,5.700000503883016,9.0,0.2786885245901639,0.15006424149202718
CS(=O)(=O)c1nc(NCc2ccccc2)c2cnn(CC(Cl)c3ccccc3)c2n1,CC(C)Cc1ccc2cc(NC(=O)C3CC3)ncc2c1,5.698970004336019,9.0,0.1794871794871795,0.13266690708049375
O=C1NN(c2ccc(I)cc2)C(=O)/C1=C\c1cc2c(cc1Br)OCO2,O=C(Nc1cc2ccc(N3CCC(O)C3)cc2cn1)C1CC1,5.6020599913279625,9.0,0.11538461538461539,0.13049682325320913
Fc1ccc(CNc2ncnc3c2cnn3CC(Cl)c2ccccc2)cc1,Clc1ccccc1CNc1ncnc2c1cnn2CC(Cl)c1ccc(Br)cc1,5.698970004336019,8.455931955649724,0.6031746031746031,0.16618786076584213
O=C(Nc1cccc(C(F)(F)F)n1)Nc1ccnc2ccc(Cl)cc12,Cc1cc(Cl)ccc1-c1ccc2cc(NC(=O)C3CC3)ncc2c1,5.700000503883016,9.0,0.24,0.1428140299869208
CCc1c(-c2ccc(C(C)=O)cc2)[nH]c2nccnc12,N#Cc1ccncc1-c1ccc2cc(NC(=O)C3CC3)ncc2c1,5.700000503883016,9.0,0.22058823529411764,0.13938989325337803
COc1cc(SC)ccc1C(=O)Nc1nnc(CCc2ccccc2)s1,CC(C)Sc1ccc2cc(NC(=O)C3CC3)ncc2c1,5.698970004336019,9.0,0.19736842105263158,0.1355573853771774
Cc1ccc(-c2cc3c(NCCN)ccc(C(N)=O)c3[nH]2)cc1,Cc1ccc(C(=O)NC2COC2)c(F)c1-c1ccc2cc(NC(=O)C3CC3)ncc2c1,5.700000503883016,9.0,0.2222222222222222,0.1396727968523751
CCCn1cc(-c2cnc(N)c3c(-c4ccc(NC(=O)Nc5cccc(F)c5)cc4)csc23)cn1,COC(=O)c1c(N)nc2ccccn12,8.899974269892137,4.0,0.17073170731707318,0.28928330423224236
COCOc1cccc(OCOC)c1-c1ccc(NS(C)(=O)=O)cc1C(=O)OC,Cc1ncccc1-c1ccc2cc(NC(=O)C3CC3)ncc2c1,5.700000503883016,9.0,0.1891891891891892,0.13413789361092915
CSc1nc(NCc2ccc(F)cc2)c2cnn(CC(C)c3ccccc3)c2n1,Cc1ccc(F)cc1-c1cc2cnc(NC(=O)C3CC3)cc2c(N2CCNCC2)n1,5.730487055782084,9.0,0.1978021978021978,0.13305135992176048
COc1ccc(CN(C)C)cc1Nc1nccc(-c2c(-c3cccc(NC(=O)Cc4ccccc4)c3)nc3sccn23)n1,Cc1ccc(F)cc1-c1ccc2cc(NC(=O)CN(C)C)ncc2c1,5.700000503883016,9.0,0.1941747572815534,0.13494880905060747
COc1cc(Nc2ncnc(N3CCCc4cc(C)ccc43)n2)cc(OC)c1OC,Cc1ccc(F)cc1-c1cc2cnc(NC(=O)C3CC3)cc2c(N2CCNCC2)n1,5.700000503883016,9.0,0.1595744680851064,0.1294931557247331
Nc1ncnc2c1C(=O)Nc1ccccc1N2,O=C(Nc1cc2ccc(Nc3ccccc3)cc2cn1)C1CC1,5.700000503883016,9.0,0.15,0.1280527483947758
CCCCN(CCC#N)C(=O)c1ccc2nc(-c3n[nH]c4ccccc34)[nH]c2c1,Cc1ccc(F)cc1-c1cc2cnc(NC(=O)C3CC3)cc2c(C#N)n1,5.700000503883016,9.0,0.16842105263157894,0.1308502879599746
O=C(Nc1ncc(-c2ccc(F)cc2)s1)c1cccs1,Cc1ccc(F)cc1-c1ccc2cc(NC(=O)C(F)F)ncc2c1,5.783570169123749,9.0,0.2923076923076923,0.14511804840047154
COc1cc2ncc(C#N)c(N[C@@H]3C[C@H]3c3ccccc3)c2cc1OCCCN1CCOCC1,N#Cc1ccncc1-c1ccc2cc(NC(=O)C3CC3)ncc2c1,5.744727494896694,9.0,0.17894736842105263,0.1289312343522277
COc1cc2ncc(C#N)c(N[C@@H]3C[C@H]3c3ccccc3)c2cc1OCCCc1cccnc1,N#Cc1ccncc1-c1ccc2cc(NC(=O)C3CC3)ncc2c1,5.744727494896694,9.0,0.23076923076923078,0.13736770044109
NC(=O)c1cc2c(-c3ccc(Nc4nc5ccccc5o4)cc3)cnc(N)c2s1,O=C(Nc1cc2ccc(Nc3ccccc3)cc2cn1)C1CC1,5.800000874803203,9.0,0.23684210526315788,0.13375703431810934
Cc1cc(-c2cc(O)ccc2Cl)cc2nnc(Nc3ccc(S(=O)(=O)N(C)CCN4CCCC4)cc3)nc12,CC1=CN2CC(=O)NN=C2C=C1,8.8750612633917,4.0,0.12941176470588237,0.2729138243990428
CC(C)n1nc(-c2cnc3ccccc3c2)c2c(N)ncnc21,Cc1ccc(F)cc1-c1ccc2cc(NC(=O)NC(C)C)ncc2c1,5.795880017344075,9.0,0.2,0.12812448309342248
Fc1ccc(C(Cl)Cn2ncc3c(NCc4ccncc4)ncnc32)cc1,Clc1ccccc1CNc1ncnc2c1cnn2CC(Cl)c1ccc(Br)cc1,5.795880017344075,8.455931955649724,0.5692307692307692,0.1470153887857476
CCOc1ccc2cc(-c3nn(C(C)C)c4ncnc(N)c34)ccc2c1,Cc1ccc(F)cc1-c1ccc2cc(NC(=O)NC(C)C)ncc2c1,5.795880017344075,9.0,0.21052631578947367,0.12978542520671257
Cc1cccc(NC(=O)Nc2ccc(-c3csc4c(-c5cnn(C)c5)cnc(N)c34)cc2)c1,COC(=O)c1c(N)nc2ccccn12,8.79997073344623,4.0,0.18421052631578946,0.2820971577184651
Cc1cccc(NC(=O)Nc2ccc(-c3csc4c(-c5cn[nH]c5)cnc(N)c34)cc2)c1,CC(=O)c1ccccc1-c1ncnc2[nH]ccc12,8.79997073344623,4.100000018985305,0.17721518987341772,0.26821032198637595
CCN(CC)CCNC(=O)c1cccc(-n2nc(C(C)(C)C)cc2NC(=O)Nc2cccc3ccccc23)c1,COCCNC(=O)c1ccc(C)c(-c2ccc3cc(NC(=O)C4CC4)ncc3c2)c1,5.800000874803203,9.0,0.22105263157894736,0.13114549983694698
CCOc1ccc(NC(=O)Nc2ccc(-c3csc4c(-c5cnn(C)c5)cnc(N)c34)cc2)cc1,COC(=O)c1c(N)nc2ccccn12,8.800029359244133,4.0,0.18666666666666668,0.28293821102324973
NC1CCC(Nc2nc(Cl)cc(-c3c[nH]c4ncccc34)n2)CC1,O=C(Nc1cc2ccc(-c3cccc4[nH]cnc34)cc2cn1)C1CC1,5.800000874803203,9.0,0.2125,0.12976652904986136
CCN(CCN)C(=O)c1cccc(-n2nc(C(C)(C)C)cc2NC(=O)Nc2cccc3ccccc23)c1,Cc1ccc(F)cc1-c1ccc2cc(NC(=O)CN(C)C)ncc2c1,5.800000874803203,9.0,0.16304347826086957,0.12226152598631157
CCOCCNc1nc(SC)nc2c1cnn2CC(Cl)c1ccccc1,Cc1c2cc(NC(=O)C3CC3)ncc2cc(-c2ccccc2Cl)[n+]1[O-],5.823908740944319,9.0,0.15730337078651685,0.11963236707870127
CCc1nc(Nc2ccc(N3CCOCC3)c(Cl)c2)nc2[nH]ccc12,Clc1cccc(Cl)c1-c1ccc2cc(Nc3ccnc(N4CCOCC4)n3)ncc2c1,5.800000874803203,8.987162775294827,0.2625,0.13708162802899299
O=C(Nc1nc2ccccc2s1)c1cccc2c1CN(c1nc(C(=O)O)c(-c3ccc(CO)cc3)s1)CC2,Cc1ccc(F)cc1-c1ccc2cc(NC(=O)C3CCN(C)CC3)ncc2c1,5.800000874803203,9.0,0.15841584158415842,0.1215985979836523
Nc1ncc(-c2cnn(CCO)c2)c2scc(-c3ccc(NC(=O)Nc4ccc(OC(F)F)cc4)cc3)c12,COc1ccc(-c2ccc(N)cc2)c2cnoc12,8.79997073344623,4.200000030616179,0.16049382716049382,0.25188249848933336
O=C1Cc2c([nH]c3ccc([N+](=O)[O-])cc23)-c2ccccc2N1,Cc1c2cc(NC(=O)C3CC3)ncc2cc(-c2ccccc2Cl)[n+]1[O-],5.800000874803203,9.0,0.17721518987341772,0.12433256777587263
CSc1nc(N2CCCC2)c2cnn(CC(Br)c3ccccc3)c2n1,Cc1ccc(F)cc1-c1cc2cnc(NC(=O)C3CC3)cc2c(N2CCNCC2)n1,5.853871964321762,9.0,0.21839080459770116,0.12634966080211485
COc1ccc(CSc2nnc(NC(=O)c3ccccc3Cl)s2)cc1,Cc1c2cc(NC(=O)C3CC3)ncc2cc(-c2ccccc2Cl)[n+]1[O-],5.8996294548824375,9.0,0.24050632911392406,0.12613846053415662
Cn1cc(-c2cnc(N)c3c(-c4ccc(NC(=O)Nc5cccc(F)c5)cc4)csc23)cn1,O=C1Cc2cc(-c3ccccc3)cnc2N1,8.700057099977233,4.100000018985305,0.17333333333333334,0.25574303474860643
ClC(Cn1ncc2c(NCc3ccccc3Br)ncnc21)c1ccc(Br)cc1,Clc1ccccc1CNc1ncnc2c1cnn2CC(Cl)c1ccc(Br)cc1,5.871923987331284,8.455931955649724,0.8392857142857143,0.2093189513583463
Cn1cc(-c2cc3nc(Br)cnc3[nH]2)c2ccccc21,Cc1c2cc(NC(=O)C3CC3)ncc2cc(-c2ccccc2Cl)[n+]1[O-],5.899998417198648,9.0,0.18181818181818182,0.11732731740591804
O=C(Nc1cccc(C2Nc3ccc4ccccc4c3C3C=CCC32)c1)c1ccc(F)cc1,O=C(Nc1cc2ccc(Nc3ccccc3)cc2cn1)C1CC1,5.899998417198648,9.0,0.22784810126582278,0.12412207349121766
O=C(Nc1nnc(CCc2ccccc2)s1)c1ccccc1I,O=C(Nc1cc2ccc(Nc3ccccc3)cc2cn1)C1CC1,5.886056647693163,9.0,0.19696969696969696,0.12056889585983337
C[C@@H](NC(=O)CCCCCC(=O)Nc1cccc(Nc2nccc(Nc3cc(C4CC4)[nH]n3)n2)c1)c1ccco1,O=C(Nc1cc2ccc(-c3cccc4[nH]cnc34)cc2cn1)C1CC1,5.920818753952375,9.0,0.24468085106382978,0.1250779021949668
CNC(=O)c1cnc(N)c2c(-c3ccc(NC(=O)Nc4cccc(Cl)c4)cc3)csc12,COC(=O)c1c(N)nc2ccccn12,8.700011062322112,4.0,0.17333333333333334,0.2669777896183565
O=C(Nc1cccc(-c2nc3sccn3c2-c2ccnc(Nc3cccc(N4CCOCC4)c3)n2)c1Cl)c1ccccc1F,Clc1cccc(Cl)c1-c1ccc2cc(Nc3ccnc(N4CCOCC4)n3)ncc2c1,5.899998417198648,8.987162775294827,0.24761904761904763,0.12619608471422078
CCCCNc1nc(SC)nc2c1cnn2CC(Cl)c1ccccc1,Cc1c2cc(NC(=O)C3CC3)ncc2cc(-c2ccccc2Cl)[n+]1[O-],5.920818753952375,9.0,0.16091954022988506,0.1129212252961131
COc1ccc(NC(=O)Nc2ccc(-c3csc4c(-c5cnn(CC(O)CO)c5)cnc(N)c34)cc2)cc1,COc1ccc(-c2ccc(N)cc2)c2cnoc12,8.700057099977233,4.200000030616179,0.20253164556962025,0.25350775027130423
CNC(=O)c1cnc(N)c2c(-c3ccc(NC(=O)Nc4cc(C)ccc4F)cc3)csc12,COc1ccc(-c2ccc(N)cc2)c2cnoc12,8.700057099977233,4.200000030616179,0.1518987341772152,0.23864759553621875
CCc1c(-c2ccc(C(C)(C)O)cc2)[nH]c2nccnc12,Cc1nccnc1-c1ccc2cc(NC(=O)C3CC3)ncc2c1,5.899998417198648,9.0,0.1791044776119403,0.11694692704097372
CN(C)c1ccc(-c2cc(-c3ccc([N+](=O)[O-])cc3)nc(NS(=O)(=O)c3ccc(N)cc3)n2)cc1,Cc1ccc(N(C)C)cc1-c1ccc2cc(NC(=O)C3CC3)ncc2c1,5.899998417198648,9.0,0.23684210526315788,0.1255280385940659
CNC(=O)C=Cc1cnc(N)c2c(-c3cc(F)c4[nH]c(C)cc4c3)csc12,COC(=O)c1c(N)nc2ccccn12,8.700057099977233,4.0,0.17105263157894737,0.2662608762991499
CCN(CC)CCOc1ccc(Nc2ncc3cc(-c4c(Cl)cccc4Cl)c(=O)n(C)c3n2)cc1,COC(=O)c1c(N)nc2ccccn12,8.700011062322112,4.0,0.15,0.25975201024479216
Clc1ccc(C(Cl)Cn2ncc3c(NCc4ccccn4)ncnc32)cc1,Clc1ccccc1CNc1ncnc2c1cnn2CC(Cl)c1ccc(Br)cc1,5.920818753952375,8.455931955649724,0.6451612903225806,0.14974003611847897
Clc1cc(Nc2nc(NC3CC3)c3sccc3n2)ccc1N1CCOCC1,Clc1cccc(Cl)c1-c1ccc2cc(Nc3ccnc(N4CCOCC4)n3)ncc2c1,5.899998417198648,8.987162775294827,0.25301204819277107,0.12706400499694795
ON=C(c1nc2ccccc2[nH]1)c1nc2ccccc2[nH]1,O=C(Nc1cc2ccc(-c3cccc4[nH]cnc34)cc2cn1)C1CC1,5.899998417198648,9.0,0.15625,0.11382852505077032
N#CC1=C(c2ccccc2)CC(c2ccc(Cl)cc2)C(C(=O)c2ccccc2)C1=O,N#Cc1ccc(Cl)cc1-c1ccc2cc(NC(=O)C3CC3)ncc2c1,5.899998417198648,8.954242509439325,0.25333333333333335,0.12441944534076749
CSc1nc(Nc2cccc(Br)c2)c2cnn(CC(C)c3ccccc3)c2n1,O=C(Nc1cc2ccc(Nc3ccccc3)cc2cn1)C1CC1,5.97061622231479,9.0,0.21052631578947367,0.11601575596248365
Cc1cc(-c2c(Cl)cccc2Cl)cc2nnc(Nc3ccc(OCC[N+]4([O-])CCCC4)cc3)nc12,Cc1nnc(-c2ccccc2)c(C#N)n1,8.6903698325741,4.0,0.16216216216216217,0.26239392951716484
CCCC(=O)Nc1cccc(Nc2nccc(Nc3cc(C4CC4)[nH]n3)n2)c1,O=C(Nc1cc2ccc(Nc3ccccc3)cc2cn1)C1CC1,6.008773924307505,9.0,0.2916666666666667,0.12540257727185714
O=C1Nc2ccccc2C1=Cc1c[nH]c2ccccc12,O=C(Nc1cc2ccc(-c3cccc4[nH]cnc34)cc2cn1)C1CC1,5.899998417198648,9.0,0.16666666666666666,0.11523113618810459
Cc1ccnc(Nc2cc(C)nc(-c3ccccc3)n2)c1,Clc1cccc(Cl)c1-c1ccc2cc(Nc3ccnc(N4CCOCC4)n3)ncc2c1,6.0,8.987162775294827,0.22857142857142856,0.11535462645676452
NC(=O)c1ccc(-c2c[nH]c3nccc(Cl)c23)cc1,Cc1ccc(C(N)=O)cc1-c1ccc2cc(NC(=O)C3CC3)ncc2c1,6.0,8.954242509439325,0.26865671641791045,0.11871419867793011
CSc1nc(NCc2ccccc2F)c2cnn(CC(C)c3ccccc3)c2n1,Cc1ccc(F)cc1-c1ccc2cc(NC(=O)C(F)F)ncc2c1,6.0,9.0,0.15853658536585366,0.10688895619622464
CCC(=O)Nc1ccc(C(=O)N2CCNCC2)c(O)c1,Cc1ccc(F)cc1-c1cc2cnc(NC(=O)C3CC3)cc2c(N2CCNCC2)n1,6.0,9.0,0.24050632911392406,0.11810351716598483
Cc1ccc(NC(=O)Nc2ccc(-c3csc4c(-c5cnn(C)c5)cnc(N)c34)cc2)cc1,COc1ccc(-c2ccc(N)cc2)c2cnoc12,8.599980364934842,4.200000030616179,0.18571428571428572,0.23746944343998036
Cn1cc(-c2cnc(N)c3c(-c4ccc(NC(=O)Nc5ccc(OC(F)F)cc5)cc4)csc23)cn1,COC(=O)c1c(N)nc2ccccn12,8.599980364934842,4.0,0.18181818181818182,0.25833738885351154
CSc1nc(N2CCOCC2)c2cnn(CC(Cl)c3ccc(F)cc3)c2n1,Cc1ccc(F)cc1-c1cc2cnc(NC(=O)C3CC3)cc2c(N2CCNCC2)n1,6.013228265733755,9.0,0.26744186046511625,0.12115308586465473
CCN(CC)CCNC(=O)C=Cc1cnc(N)c2c(-c3ccc(NC(=O)Nc4cccc(C)c4)cc3)csc12,COC(=O)c1c(N)nc2ccccn12,8.599980364934842,4.0,0.16279069767441862,0.2525647876355414
CCCCCCNc1cccc(CNc2ncc3cc(-c4c(Cl)cccc4Cl)c(=O)n(C)c3n2)c1,CCN(CC)CCOc1ccc(Nc2ncc3cc(-c4c(Cl)cccc4Cl)c(=O)n(C)c3n2)cc1,6.045757490560676,8.700011062322112,0.5128205128205128,0.13460784649916732
CSc1nc(N2CCOCC2)c2cnn(CC(Br)c3ccccc3)c2n1,Cc1ccc(F)cc1-c1cc2cnc(NC(=O)C3CC3)cc2c(N2CCNCC2)n1,6.013228265733755,9.0,0.2111111111111111,0.11285601992497714
O=C(Nc1nnc(SCc2ccccc2)s1)c1ccccc1Cl,Cc1c2cc(NC(=O)C3CC3)ncc2cc(-c2ccccc2Cl)[n+]1[O-],6.036212172654445,9.0,0.22972972972972974,0.11372076296465555
COc1cc2ncc(C#N)c(N[C@@H]3C[C@H]3c3ccccc3)c2cc1OC,N#Cc1ccncc1-c1ccc2cc(NC(=O)C3CC3)ncc2c1,6.022276394711152,9.0,0.21794871794871795,0.11312340872059017
C#Cc1cn(C2CCCC2)c2ncnc(N)c12,Nc1ccc(-c2ccc3cc(NC(=O)C4CC4)ncc3c2)cn1,6.0,9.0,0.16923076923076924,0.10824447883477469
O=C1NN(c2ccc(Cl)c(Cl)c2)C(=O)/C1=C\c1cccc(OCc2ccccc2)c1,Cc1c(Cl)cccc1-c1ccc2cc(NC(=O)C3CC3)ncc2c1,6.0,9.0,0.1686746987951807,0.10817323583782072
CCCNc1nc(SC)nc2c1cnn2CC(Br)c1ccccc1,Cc1c2cc(NC(=O)C3CC3)ncc2cc(-c2ccccc2Cl)[n+]1[O-],6.055517327849831,9.0,0.1511627906976744,0.10208613908452134
CSc1nc(N2CCCCC2)c2cnn(CC(Br)c3ccccc3)c2n1,Cc1ccc(F)cc1-c1cc2cnc(NC(=O)C3CC3)cc2c(N2CCNCC2)n1,6.055517327849831,9.0,0.2159090909090909,0.11033334531711257
O=C(Nc1ncc(Cc2cc(C(F)(F)F)ccc2Cl)s1)c1cccs1,Cc1c(Cl)cccc1-c1ccc2cc(NC(=O)C3CC3)ncc2c1,6.073143291050308,9.0,0.19753086419753085,0.10658912418821535
Cc1ccc(-c2cc3nc(Br)cnc3[nH]2)cc1,Cc1cncc(C)c1-c1ccc2cc(NC(=O)C3CC3)ncc2c1,6.0999990348465305,9.0,0.23333333333333334,0.10937056539212914
Cc1ccc(Nc2nc3ccc([N+](=O)[O-])cc3[nH]2)nc1,O=C(Nc1cc2ccc(-c3ccc4[nH]ccc4c3)cc2cn1)C1CC1,6.0999990348465305,9.0,0.2537313432835821,0.11222698825070807
COC(C(=O)N1Cc2[nH]nc(NC(=O)c3ccc(N4CCN(C)CC4)cc3)c2C1)c1ccccc1,O=C1Cc2cc(-c3ccccc3)cnc2N1,8.599980364934842,4.100000018985305,0.14102564102564102,0.2356509627091117
Cc1cc(Nc2nc(Cl)cc(NCc3ccccc3)n2)n[nH]1,Cc1c2cc(NC(=O)C3CC3)ncc2cc(-c2ccccc2Cl)[n+]1[O-],6.0999990348465305,9.0,0.19736842105263158,0.10462139996168185
O=C(O)c1ccccc1Nc1ccnc(Nc2ccc([N+](=O)[O-])cc2)n1,O=C(Nc1cc2ccc(Nc3ccccc3)cc2cn1)C1CC1,6.0999990348465305,9.0,0.2923076923076923,0.11796944911941683
CSc1nc(NCc2ccccc2Cl)c2cnn(CC(C)c3ccccc3)c2n1,Cc1c2cc(NC(=O)C3CC3)ncc2cc(-c2ccccc2Cl)[n+]1[O-],6.113509274827518,9.0,0.2,0.10398122225720441
O=C(Nc1nnc(SCc2cccc(Cl)c2)s1)c1ccccc1Cl,Cc1c2cc(NC(=O)C3CC3)ncc2cc(-c2ccccc2Cl)[n+]1[O-],6.119186407719209,9.0,0.23076923076923078,0.10758215586473314
COc1ccc(NC(=O)Nc2ccc(-c3csc4c(-c5cnn(CC(C)(C)O)c5)cnc(N)c34)cc2)cc1,COc1ccc(-c2ccc(N)cc2)c2cnoc12,8.500038134403809,4.200000030616179,0.20512820512820512,0.23220839217896974
N#Cc1cnc2ccc(-c3ccc(CN)cc3)cc2c1N[C@@H]1C[C@H]1c1ccccc1,N#Cc1ccncc1-c1ccc2cc(NC(=O)C3CC3)ncc2c1,6.113509274827518,9.0,0.26582278481012656,0.11291861174649105
Cn1cc(-c2cc3nc(Br)cnc3[nH]2)c2cc(C#N)ccc21,Cc1ccc(F)cc1-c1cc2cnc(NC(=O)C3CC3)cc2c(C#N)n1,6.0999990348465305,9.0,0.1927710843373494,0.10403978246613212
COc1ccc2cc(-c3nn(C(C)C)c4ncnc(N)c34)ccc2c1,Cc1ccc(F)cc1-c1ccc2cc(NC(=O)NC(C)C)ncc2c1,6.1249387366083,9.0,0.21621621621621623,0.10523197918059236
COc1cc(-c2ccc3c(c2)Nc2c(O)cccc2NC3=O)ccc1O,Cc1c(Cl)cccc1-c1ccc2cc(NC(=O)C3CC3)ncc2c1,6.0999990348465305,9.0,0.1917808219178082,0.10391523868536034
Fc1ccccc1CNc1ncnc2c1cnn2CC(Cl)c1ccccc1,Clc1ccccc1CNc1ncnc2c1cnn2CC(Cl)c1ccc(Br)cc1,6.136677139879544,8.455931955649724,0.6833333333333333,0.1328252751480223
O=C(CCCCCC(=O)N1CCC[C@@H]1c1ccco1)Nc1cccc(Nc2nccc(Nc3cc(C4CC4)[nH]n3)n2)c1,O=C(Nc1cc2ccc(-c3cccc4[nH]cnc34)cc2cn1)C1CC1,6.136677139879544,9.0,0.24242424242424243,0.10784797265222637
CCCNc1nc(S(C)(=O)=O)nc2c1cnn2/C=C\c1ccccc1,O=C(Nc1cc2ccc(Nc3ccccc3)cc2cn1)C1CC1,6.142667503568731,9.0,0.1917808219178082,0.10087987037197771
COc1c(-c2nc3ccccc3[nH]2)c(O)cc2oc(C)cc(=O)c12,Cc1c2cc(NC(=O)C3CC3)ncc2cc(-c2ccccc2Cl)[n+]1[O-],6.0999990348465305,9.0,0.16470588235294117,0.10060906985797685
Cc1cccc(NC(=O)Nc2ccc(-c3cncc4[nH]nc(N)c34)cc2)c1,O=C(Nc1cc2ccc(-c3cncc4[nH]ncc34)cc2cn1)C1CC1,6.199998172182031,9.0,0.2727272727272727,0.10720374627443141
CN1CCN(c2ccc(-c3cnc4c(c3)N(Cc3cc(Cl)ccc3C(F)(F)F)CCN4)cn2)CC1,Cc1ccc(F)cc1-c1ccc2cc(NC(=O)C3CCN(C)CC3)ncc2c1,6.0999990348465305,9.0,0.1935483870967742,0.10413772498425805
Cc1cc(-c2cc(O)ccc2Cl)cc2nnc(Nc3ccc(S(=O)(=O)NCCN4CCCC4)cc3)nc12,Cc1nnc(-c2ccccc2)c(C#N)n1,8.494850021680094,4.0,0.12195121951219512,0.23004653648009887
CNC(=O)c1ccccc1Sc1ccc2c(C=Cc3ccccn3)n[nH]c2c1,O=C1Cc2cc(-c3ccccc3)cnc2N1,8.500038134403809,4.100000018985305,0.1388888888888889,0.2247460404937161
CSc1nc(Nc2cccc(Cl)c2)c2cnn(CC(Cl)c3ccccc3)c2n1,O=C(Nc1cc2ccc(Nc3ccccc3)cc2cn1)C1CC1,6.221848749616357,9.0,0.2077922077922078,0.09724387346041943
Cc1cc(C)cc(NC(=O)Nc2ccc(-c3cccc4c3CNC4=O)c(C)c2)c1,Cc1cc(Cl)ccc1-c1ccc2cc(NC(=O)C3CC3)ncc2c1,6.199998172182031,9.0,0.25,0.10412513594400581
Clc1ccc(C(Cl)Cn2ncc3c(NCc4ccncc4)ncnc32)cc1,Clc1ccccc1CNc1ncnc2c1cnn2CC(Cl)c1ccc(Br)cc1,6.180456064458131,8.455931955649724,0.6031746031746031,0.11320933243710603
CNC(=O)c1cc(Oc2ccc(NC(=O)Nc3cccc(C(F)(F)F)c3)cc2)ccn1,O=C(Nc1cc2ccc(Nc3ccccc3)cc2cn1)C1CC1,6.199998172182031,9.0,0.2191780821917808,0.10017543418025325
O=C(Nc1ncc(Cc2ccc(Cl)cc2)s1)c1cccs1,CC(C)Cc1ccc2cc(NC(=O)C3CC3)ncc2c1,6.204815410317575,9.0,0.21739130434782608,0.09961053545151262
COc1ccc(NC(=O)Nc2ccc(-c3csc4c(-c5cnn(CCO)c5)cnc(N)c34)cc2)cc1,COC(=O)c1c(N)nc2ccccn12,8.400019635065158,4.0,0.21333333333333335,0.2455941459351689
O=C1NN(c2ccc(I)cc2)C(=O)/C1=C\c1ccc(I)cc1,O=C(Nc1cc2ccc(N3CCC(O)C3)cc2cn1)C1CC1,6.096910013008056,9.0,0.1044776119402985,0.09410068803900896
OC1CCC(Nc2nc(Cl)cc(-c3c[nH]c4ncccc34)n2)CC1,O=C(Nc1cc2ccc(-c3cccc4[nH]cnc34)cc2cn1)C1CC1,6.199998172182031,9.0,0.23076923076923078,0.10163108398503751
CN1CCN(c2ccc3cc(NC(=O)C4CC4)ncc3c2)CC1,O=C(Nc1cc2ccc(N3CCC(O)C3)cc2cn1)C1CC1,6.394694953858891,9.0,0.72,0.17726859529304062
ClC(Cn1ncc2c(Nc3ccccc3)ncnc21)c1ccc(Br)cc1,O=C(Nc1cc2ccc(Nc3ccccc3)cc2cn1)C1CC1,6.214670164989233,9.0,0.2112676056338028,0.09816519239576223
O=C(NN=Cc1cc(Br)c(O)c(Br)c1)Nc1ccccc1,O=C(Nc1cc2ccc(Nc3ccccc3)cc2cn1)C1CC1,6.199998172182031,9.0,0.2711864406779661,0.1069904356742584
CNC(=O)C(C)n1cc(-c2cnc(N)c3c(-c4ccc(NC(=O)Nc5ccc(C)cc5)cc4)csc23)cn1,COC(=O)c1c(N)nc2ccccn12,8.400007822415901,4.0,0.16883116883116883,0.23273658156800445
CCCNc1nc(SC)nc2c1cnn2CC(Cl)c1ccc(F)cc1,Cc1ccc(F)cc1-c1cc2cnc(NC(=O)C3CC3)cc2c(N2CCNCC2)n1,6.2441251443275085,9.0,0.21348314606741572,0.09636247509707094
CC(Nc1cncc(-n2cnc3ccc(C#N)cc32)n1)c1ccccc1F,Cc1ccc(F)cc1-c1ccc2cc(NC(=O)C(F)F)ncc2c1,6.199998172182031,9.0,0.1927710843373494,0.09698839673397557
Cc1nc(N)sc1-c1ccnc(Nc2ccc(N3CCOCC3)cc2)n1,Clc1cccc(Cl)c1-c1ccc2cc(Nc3ccnc(N4CCOCC4)n3)ncc2c1,6.199998172182031,8.987162775294827,0.25316455696202533,0.10358876053087099
Fc1ccc(CNc2nc(SCCN3CCOCC3)nc3c2cnn3CC(Cl)c2ccccc2)cc1,Cc1ccc(F)cc1-c1cc2cnc(NC(=O)C3CC3)cc2c(N2CCNCC2)n1,6.236572006437062,9.0,0.19801980198019803,0.09507457415397298
COc1cccc(C(=O)Nc2cc3ccc(-c4cc(F)ccc4C)cc3cn2)c1,Cc1ccc(F)cc1-c1ccc2cc(NC(=O)C(F)F)ncc2c1,6.443697499232713,9.0,0.6551724137931034,0.1545881504376386
CCC(N)(C#Cc1cnc(N)c2c(-c3ccc(NC(=O)Nc4cccc(C)c4)cc3)csc12)CC,Cc1cccc(NC(=O)Nc2ccc(-c3csc4c(-c5cn[nH]c5)cnc(N)c34)cc2)c1,6.299997602857746,8.79997073344623,0.6338028169014085,0.14312887511755534
Cc1ccc(F)cc1-c1ccc2cc(N)ncc2c1,Cc1ccc(F)cc1-c1ccc2cc(NC(=O)C(F)F)ncc2c1,6.356547323513812,9.0,0.6122448979591837,0.15489145361990883
CCN(CC)CC#Cc1cnc(N)c2c(-c3ccc(NC(=O)Nc4cccc(C)c4)cc3)csc12,Cc1cccc(NC(=O)Nc2ccc(-c3csc4c(-c5cn[nH]c5)cnc(N)c34)cc2)c1,6.299997602857746,8.79997073344623,0.6,0.135997076623737
O=C1Cc2c([nH]c3ccc(Br)cc23)-c2ncccc2N1,Cc1ncccc1-c1ccc2cc(NC(=O)C3CC3)ncc2c1,6.199998172182031,9.0,0.1891891891891892,0.09656958494680144
CN1c2ccc(N)cc2C(c2ccccc2)c2cc(N)ccc21,O=C(Nc1cc2ccc(Nc3ccccc3)cc2cn1)C1CC1,6.199998172182031,9.0,0.13559322033898305,0.0906674991675015
COc1cc(Nc2ncc3c(n2)-c2ccc(Cl)cc2C(c2c(F)cccc2OC)=NC3)ccc1C(=O)O,Cc1cc(Cl)ccc1-c1ccc2cc(NC(=O)C3CC3)ncc2c1,6.299997602857746,9.0,0.2727272727272727,0.09968312215720908
CNc1cc2ccc(-c3cc(F)ccc3Cl)cc2cn1,Cc1ccc(F)cc1-c1ccc2cc(NC(=O)C(F)F)ncc2c1,6.380906669373257,9.0,0.5185185185185185,0.13217102143559545
Cc1cc(C)cc(NC(=O)Nc2ccc(-c3cccc4onc(N)c34)cc2)c1,Cc1c(Cl)cccc1-c1ccc2cc(NC(=O)C3CC3)ncc2c1,6.299997602857746,9.0,0.2465753424657534,0.09640067989282083
O=C(O)c1ccccc1Nc1ccnc(Nc2ccc3[nH]ncc3c2)n1,O=C(Nc1cc2ccc(Nc3ccccc3)cc2cn1)C1CC1,6.299997602857746,9.0,0.31343283582089554,0.10515586078985606
Nc1n[nH]c2cccc(-c3ccc(NC(=O)Nc4cccc(Cl)c4)c(F)c3)c12,O=C(Nc1cc2ccc(-c3cccc4[nH]cnc34)cc2cn1)C1CC1,6.299997602857746,9.0,0.25925925925925924,0.09797054433260642
Cc1ccc(F)c(NC(=O)Nc2ccc(-c3c(F)ccc4[nH]nc(N)c34)cc2)c1,CNC(=O)c1cnc(N)c2c(-c3ccc(NC(=O)Nc4cc(C)ccc4F)cc3)csc12,6.299997602857746,8.700057099977233,0.5070422535211268,0.10912806498474502
Cc1cc(-c2cc(O)ccc2Cl)cc2nnc(Nc3ccc(S(=O)(=O)C4CCNCC4)cc3)nc12,Cc1nnc(-c2ccccc2)c(C#N)n1,8.387216143280265,4.0,0.12987012987012986,0.22114158767686554
COc1ccc(-c2ccc(NC(=O)Nc3cc(F)cc(F)c3)cc2)c2c(N)noc12,Cc1ccc(F)cc1-c1ccc2cc(NC(=O)NC(C)C)ncc2c1,6.299997602857746,9.0,0.24675324675324675,0.0964224145122371
CCCCNc1nc(SCCC)nc2c1cnn2CC(Cl)c1ccccc1,Cc1c2cc(NC(=O)C3CC3)ncc2cc(-c2ccccc2Cl)[n+]1[O-],6.281992675029273,9.0,0.16091954022988506,0.08798453064283744
COc1ccccc1-c1ccnc(Nc2cccc(S(C)(=O)=O)c2)n1,O=C(Nc1cc2ccc(Nc3ccccc3)cc2cn1)C1CC1,6.299997602857746,9.0,0.21428571428571427,0.09258635244839686
Clc1cc(-c2c[nH]c3ncccc23)cc(NCc2ccccc2)n1,Cc1ncccc1-c1ccc2cc(NC(=O)C3CC3)ncc2c1,6.299997602857746,9.0,0.2,0.09097936154828247
CSc1cccc(Nc2ncc3cc(-c4c(Cl)cccc4Cl)c(=O)n(C)c3n2)c1,COC(=O)c1c(N)nc2ccccn12,8.301029995663981,4.0,0.1506849315068493,0.21769685286259155
CN(C)c1c(NC(=O)c2c(F)cccc2F)cccc1-c1nc2sccn2c1-c1ccnc(Nc2cccc(N3CCOCC3)c2)n1,Clc1cccc(Cl)c1-c1ccc2cc(Nc3ccnc(N4CCOCC4)n3)ncc2c1,6.299997602857746,8.987162775294827,0.2358490566037736,0.09420278230308593
COc1ccc(-n2ccc3cnc(Nc4cc(OC)c(OC)c(OC)c4)nc32)cc1,O=C(Nc1cc2ccc(N3CCC(O)C3)cc2cn1)C1CC1,6.299997602857746,9.0,0.20833333333333334,0.09191090538988626
CSc1nc(N2CCOCC2)c2cnn(CC(Cl)c3ccc(Cl)cc3)c2n1,Cc1ccc(F)cc1-c1cc2cnc(NC(=O)C3CC3)cc2c(N2CCNCC2)n1,6.301029995663981,9.0,0.2111111111111111,0.0921545495344544
COCCOC1CCC(n2nc(-c3ccc(Nc4nc5cc(C)cc(Cl)c5o4)cc3)c3c(N)ncnc32)CC1,COCCNC(=O)c1ccc(C)c(-c2ccc3cc(NC(=O)C4CC4)ncc3c2)c1,6.299997602857746,9.0,0.21904761904761905,0.09313281610094548
O=C1NN(c2ccc(I)cc2)C(=O)/C1=C\c1ccccc1,O=C(Nc1cc2ccc(Nc3ccccc3)cc2cn1)C1CC1,6.221848749616357,9.0,0.12307692307692308,0.08799350335462747
Cc1cc(-c2ccccc2)n(-c2cc(NN=Cc3ccco3)ncn2)n1,Cc1ccc(F)cc1-c1ccc2cc(NC(=O)C(F)F)ncc2c1,6.299997602857746,9.0,0.1728395061728395,0.08805434016788627
Cc1cccc(NC(=O)Nc2ccc(-c3csc4ccnc(N)c34)cc2)c1,Cc1cccc(NC(=O)Nc2ccc(-c3csc4c(-c5cn[nH]c5)cnc(N)c34)cc2)c1,6.399996913372259,8.79997073344623,0.6153846153846154,0.12827976846217073
CCCNC(=O)c1ccc(Nc2nc(NCC(F)(F)F)c3cc[nH]c3n2)cc1,COCCNC(=O)c1ccc(C)c(-c2ccc3cc(NC(=O)C4CC4)ncc3c2)c1,6.299997602857746,9.0,0.20224719101123595,0.09122895857686335
CC(C)S(=O)(=O)n1c(N)nc2ccc(-c3c(-c4ccc(F)cc4)nc4sccn34)cc21,Cc1ccc(F)cc1-c1ccc2cc(NC(=O)NC(C)C)ncc2c1,6.299997602857746,9.0,0.23170731707317074,0.0946123807138413
CSc1nc(Nc2cccc(F)c2)c2cnn(CC(Cl)c3ccccc3)c2n1,O=C(Nc1cc2ccc(Nc3ccccc3)cc2cn1)C1CC1,6.3979400086720375,9.0,0.21052631578947367,0.08559393520473911
Fc1ccc(C(Cl)Cn2ncc3c(NCc4ccccc4)ncnc32)cc1,Clc1ccccc1CNc1ncnc2c1cnn2CC(Cl)c1ccc(Br)cc1,6.356547323513812,8.455931955649724,0.6290322580645161,0.1002074611753513
O=C1NCCc2[nH]c(-c3ccnc(C=Cc4ccccc4)c3)cc21,Cc1ncccc1-c1ccc2cc(NC(=O)C3CC3)ncc2c1,6.299997602857746,9.0,0.18421052631578946,0.08925855075105675
Nc1[nH]cnc2nnc(-c3ccc(Cl)cc3)c1-2,Cc1cc(Cl)ccc1-c1ccc2cc(NC(=O)C3CC3)ncc2c1,6.301029995663981,9.0,0.18461538461538463,0.08923368250044568
CSc1nc(Nc2ccccc2)c2cnn(CC(Cl)c3ccccc3)c2n1,O=C(Nc1cc2ccc(Nc3ccccc3)cc2cn1)C1CC1,6.3979400086720375,9.0,0.2112676056338028,0.08567199301217768
Cc1ccc(F)c(NC(=O)Nc2ccc(-c3coc4c(C#CCN5CCOCC5)cnc(N)c34)cc2)c1,CNC(=O)c1cnc(N)c2c(-c3ccc(NC(=O)Nc4cc(C)ccc4F)cc3)csc12,6.399996913372259,8.700057099977233,0.47126436781609193,0.09512011038088333
O=C(Nc1nnc(SCc2ccc(F)cc2)s1)c1ccccc1Cl,Cc1c2cc(NC(=O)C3CC3)ncc2cc(-c2ccccc2Cl)[n+]1[O-],6.391473966422806,9.0,0.21794871794871795,0.0868108615822659
CC(C)(C)N1CN(c2ccc(Cl)cc2)C(N)=C2C=NN=C21,Cc1cc(Cl)ccc1-c1ccc2cc(NC(=O)C3CC3)ncc2c1,6.2839966563652006,9.0,0.136986301369863,0.08544564927503567
CSc1nc(NCCc2ccccc2F)c2cnn(CC(Cl)c3ccccc3)c2n1,Cc1c2cc(NC(=O)C3CC3)ncc2cc(-c2ccccc2Cl)[n+]1[O-],6.3979400086720375,9.0,0.16666666666666666,0.0811859025649836
Clc1cccc(Nc2nc(N3CCOCC3)nc3c2cnn3CC(Cl)c2ccccc2)c1,Clc1cccc(Cl)c1-c1ccc2cc(Nc3ccnc(N4CCOCC4)n3)ncc2c1,6.408935392973501,8.987162775294827,0.2976190476190476,0.09389637758101839
CCCNc1nc(SC)nc2c1cnn2CC(Cl)c1ccc(Cl)cc1,Cc1ccc(C(C)O)cc1-c1ccc2cc(NC(=O)C3CC3)ncc2c1,6.3979400086720375,9.0,0.16666666666666666,0.0811859025649836
Cc1ccc(NC(=O)Nc2ccc(-c3csc4ncnc(N)c34)cc2)cc1C,Cc1cccc(NC(=O)Nc2ccc(-c3csc4c(-c5cn[nH]c5)cnc(N)c34)cc2)c1,6.499996931948306,8.79997073344623,0.4927536231884058,0.09813802189843121
O=C(Nc1nnc(SCc2ccccc2)s1)c1ccc(Cl)cc1,Cc1c2cc(NC(=O)C3CC3)ncc2cc(-c2ccccc2Cl)[n+]1[O-],6.3979400086720375,9.0,0.19480519480519481,0.08396682931256183
CSc1nc(NCCc2ccc(C)cc2)c2cnn(CC(Cl)c3ccccc3)c2n1,Cc1c2cc(NC(=O)C3CC3)ncc2cc(-c2ccccc2Cl)[n+]1[O-],6.431798275933005,9.0,0.16666666666666666,0.07908685021919805
COc1cccc(OC)c1CNc1nc(NC2CCCCC2)nc2ccc(Cl)cc12,Cc1cc(Cl)ccc1-c1ccc2cc(NC(=O)C3CC3)ncc2c1,6.399996913372259,9.0,0.20987654320987653,0.08539045302645162
CCCCNc1nc(SC)nc2c1cnn2CC(Cl)c1ccc(Cl)cc1,Cc1ccc(C(C)O)cc1-c1ccc2cc(NC(=O)C3CC3)ncc2c1,6.408935392973501,9.0,0.16279069767441862,0.08013409375398814
CCN(CC)c1nc(SC)nc2c1cnn2CC(Cl)c1ccccc1,Cc1c2cc(NC(=O)C3CC3)ncc2cc(-c2ccccc2Cl)[n+]1[O-],6.3979400086720375,9.0,0.1686746987951807,0.08137892001422369
O=C(Nc1cc2ccc(N3CCNCC3)cc2cn1)C1CC1,O=C(Nc1cc2ccc(N3CCC(O)C3)cc2cn1)C1CC1,6.623423042943488,9.0,0.72,0.14750896164157368
O=C(Nc1nnc(SCc2cccc(Cl)c2)s1)c1ccc(F)cc1,Cc1ccc(F)cc1-c1ccc2cc(NC(=O)CN(C)C)ncc2c1,6.432973633840939,9.0,0.20253164556962025,0.08249276430808321
COCCOC1CCC(n2nc(-c3ccc(Nc4nc5cc(C)cc(C)c5o4)cc3)c3c(N)ncnc32)CC1,COCCNC(=O)c1ccc(C)c(-c2ccc3cc(NC(=O)C4CC4)ncc3c2)c1,6.399996913372259,9.0,0.24752475247524752,0.0894998224214678
C#Cc1cccc(Nc2ncnc3cc(OCCOC)c(OCCOC)cc23)c1,COCCNC(=O)c1ccc(C)c(-c2ccc3cc(NC(=O)C4CC4)ncc3c2)c1,6.399996913372259,9.0,0.21428571428571427,0.08585516011625773
O=C(Nc1nnc(CCc2ccccc2)s1)c1ccc(I)cc1,O=C(Nc1cc2ccc(Nc3ccccc3)cc2cn1)C1CC1,6.3979400086720375,9.0,0.19696969696969696,0.08418766776052354
COCCOc1cc2ncc(C#N)c(N[C@@H]3C[C@H]3c3ccccc3)c2cc1OC,COCCNC(=O)c1ccc(C)c(-c2ccc3cc(NC(=O)C4CC4)ncc3c2)c1,6.408935392973501,9.0,0.23333333333333334,0.08730933018801422
Nc1nc(Nc2ccc(S(N)(=O)=O)cc2)nn1C(=O)c1c(F)cccc1F,O=C(Nc1cc2ccc(Nc3ccccc3)cc2cn1)C1CC1,6.399996913372259,9.0,0.2028985507246377,0.08466374326616553
Cn1nc(N)c2c(-c3ccc(NC(=O)Nc4cccc(Cl)c4)cc3)cncc21,Cc1cc(Cl)ccc1-c1ccc2cc(NC(=O)C3CC3)ncc2c1,6.499996931948306,9.0,0.2597402597402597,0.08404574625689439
O=c1c(NCc2cccc(C(F)(F)F)c2)c(Nc2ccncc2)c1=O,O=C(Nc1cc2ccc(Nc3ccccc3)cc2cn1)C1CC1,6.399996913372259,9.0,0.17647058823529413,0.08200630095832225
Cc1cccc(NC(=O)Nc2ccc(-c3csc4c(C#CC(C)(C)N)cnc(N)c34)cc2)c1,CNC(=O)c1cnc(N)c2c(-c3ccc(NC(=O)Nc4cc(C)ccc4F)cc3)csc12,6.499996931948306,8.700057099977233,0.5131578947368421,0.0925274356768498
CSc1nc(NCCc2ccc(Cl)cc2)c2cnn(CC(Cl)c3ccccc3)c2n1,Cc1c2cc(NC(=O)C3CC3)ncc2cc(-c2ccccc2Cl)[n+]1[O-],6.455931955649724,9.0,0.16666666666666666,0.07760745803238968
CSc1nc(NCc2cccc(F)c2)c2cnn(CC(Cl)c3ccccc3)c2n1,Cc1ccc(F)cc1-c1cc2cnc(NC(=O)C3CC3)cc2c(N2CCNCC2)n1,6.494850021680094,9.0,0.2,0.0783216896451753
Nc1n[nH]c2cccc(-c3ccc(NC(=O)Nc4cccc(F)c4)cc3)c12,Cn1cc(-c2cnc(N)c3c(-c4ccc(NC(=O)Nc5cccc(F)c5)cc4)csc23)cn1,6.499996931948306,8.700057099977233,0.4857142857142857,0.08887798546536868
CSc1nc(NCc2ccccc2F)c2cnn(CC(Cl)c3ccc(F)cc3)c2n1,Cc1ccc(F)cc1-c1cc2cnc(NC(=O)C3CC3)cc2c(N2CCNCC2)n1,6.4685210829577455,9.0,0.18947368421052632,0.07896259583393758
O=C(NN=Cc1ccc(O)cc1O)Nc1cccc2nsnc12,O=C(Nc1cc2ccc(Nc3ccccc3)cc2cn1)C1CC1,6.399996913372259,9.0,0.16666666666666666,0.08105759986447725
CSc1nc(NCCc2ccccc2Cl)c2cnn(CC(Cl)c3ccccc3)c2n1,Cc1c2cc(NC(=O)C3CC3)ncc2cc(-c2ccccc2Cl)[n+]1[O-],6.494850021680094,9.0,0.20689655172413793,0.0789843605822013
O=C(Nc1nnc(Cc2ccccc2)s1)c1cccs1,O=C(Nc1cc2ccc(Nc3ccccc3)cc2cn1)C1CC1,6.443697499232713,9.0,0.2,0.08155283729335505
Nc1nc(Nc2ccc([C@H]3CC[C@H](N4CCOCC4)CC3)cc2)nn1-c1ccccn1,Clc1cccc(Cl)c1-c1ccc2cc(Nc3ccnc(N4CCOCC4)n3)ncc2c1,6.3979400086720375,8.987162775294827,0.2261904761904762,0.08641049234084591
O=C(O)c1ccccc1Nc1ccnc(Nc2cccc(O)c2)n1,O=C(Nc1cc2ccc(Nc3ccccc3)cc2cn1)C1CC1,6.499996931948306,9.0,0.30158730158730157,0.08874853314438944
CCCNc1nc(SCCN2CCOCC2)nc2c1cnn2CC(Cl)c1ccccc1,Clc1cccc(Cl)c1-c1ccc2cc(Nc3ccnc(N4CCOCC4)n3)ncc2c1,6.4685210829577455,8.987162775294827,0.1956521739130435,0.07875026569450547
CCN(CC)CCCNC(=O)c1cnc(N)c2c(-c3ccc(NC(=O)Nc4cccc(F)c4)cc3)csc12,O=C1Cc2cc(-c3ccccc3)cnc2N1,8.100015437450608,4.100000018985305,0.12790697674418605,0.18341897472929733
NC(=O)c1ccc2nc(-c3ccc([N+](=O)[O-])o3)cn2c1,Cc1ccc(C(N)=O)cc1-c1ccc2cc(NC(=O)C3CC3)ncc2c1,6.399996913372259,8.954242509439325,0.18421052631578946,0.07988161528856359
CCN(CC)CCCNC(=O)c1cnc(N)c2c(-c3ccc(NC(=O)Nc4cccc(C)c4)cc3)csc12,COC(=O)c1c(N)nc2ccccn12,8.100015437450608,4.0,0.1511627906976744,0.197933706398249
CCCCNc1nc(SCC)nc2c1cnn2CC(Cl)c1ccccc1,Cc1c2cc(NC(=O)C3CC3)ncc2cc(-c2ccccc2Cl)[n+]1[O-],6.494850021680094,9.0,0.16091954022988506,0.07474334648784652
Nc1n[nH]c2cccc(-c3ccc(NC(=O)Nc4cccc(C(F)(F)F)c4)c(F)c3)c12,O=C(Nc1cc2ccc(-c3cccc4[nH]cnc34)cc2cn1)C1CC1,6.499996931948306,9.0,0.25301204819277107,0.08332668798334017
CCCNc1nc(N(C)C)nc2c1cnn2CC(Cl)c1ccccc1,Cc1c2cc(NC(=O)C3CC3)ncc2cc(-c2ccccc2Cl)[n+]1[O-],6.494850021680094,9.0,0.16470588235294117,0.0750772422547555
COc1ccc(CNc2nc(SC)nc3c2cnn3CC(Cl)c2ccccc2)cc1,COC(=O)c1c(N)nc2ccccn12,6.522878745280337,4.0,0.15789473684210525,0.07553641304850932
CCCCNc1nc(SC)nc2c1cnn2CC(Br)c1ccccc1,Cc1c2cc(NC(=O)C3CC3)ncc2cc(-c2ccccc2Cl)[n+]1[O-],6.494850021680094,9.0,0.14772727272727273,0.07360070692652464
Cn1c(=O)c(-c2c(Cl)cccc2Cl)cc2cnc(NCc3cccc(N)c3)nc21,COC(=O)c1c(N)nc2ccccn12,8.096910013008056,4.0,0.18309859154929578,0.20523660080178135
Nc1ncnc2scc(-c3ccc(NC(=O)Nc4ccccc4)cc3)c12,Cc1cccc(NC(=O)Nc2ccc(-c3csc4c(-c5cn[nH]c5)cnc(N)c34)cc2)c1,6.599997654072044,8.79997073344623,0.48484848484848486,0.08875877050139076
Cc1cccc(NC(=O)Nc2ccc(-c3csc4c(C#CCN5CCCC5)cnc(N)c34)cc2)c1,Cc1cccc(NC(=O)Nc2ccc(-c3csc4c(-c5cnn(C)c5)cnc(N)c34)cc2)c1,6.599997654072044,8.79997073344623,0.6266666666666667,0.10964639079399861
CCSc1nc(N(CC)CC)c2cnn(CC(Cl)c3ccccc3)c2n1,Cc1c2cc(NC(=O)C3CC3)ncc2cc(-c2ccccc2Cl)[n+]1[O-],6.481486060122112,9.0,0.1686746987951807,0.07623704066821756
Cc1cccc(NC(=O)Nc2ccc(-c3csc4c(C#CCN)cnc(N)c34)cc2)c1,Cc1cccc(NC(=O)Nc2ccc(-c3csc4c(-c5cn[nH]c5)cnc(N)c34)cc2)c1,6.599997654072044,8.79997073344623,0.6521739130434783,0.11397409893134962
Cc1cccc(Nc2nc(NC3CCCCC3N)cnc2C(N)=O)c1,O=C(Nc1cc2ccc(Nc3ccccc3)cc2cn1)C1CC1,6.599997654072044,9.0,0.3,0.08161935956071387
O=C(Nc1nnc(SCc2cccc(F)c2)s1)c1ccccc1Cl,COC(=O)c1c(N)nc2ccccn12,6.565431095965801,4.0,0.14285714285714285,0.07675144849152526
O=C(Nc1cnc2[nH]cc(-c3ccccc3)c2c1)c1cccc(F)c1F,O=C(Nc1cc2ccc(-c3cccc4[nH]cnc34)cc2cn1)C1CC1,6.599997654072044,9.0,0.23376623376623376,0.07494854236401693
Cc1ccc(Nc2nccc(N(C)c3ccc4c(C)n(C)nc4c3)n2)cc1S(N)(=O)=O,Cc1ccc(N(C)C)cc1-c1ccc2cc(NC(=O)C3CC3)ncc2c1,6.499996931948306,9.0,0.20930232558139536,0.07889261820333865
CN1CCN(c2ccc(C(=O)Nc3n[nH]c4ccc(Cc5cc(F)cc(F)c5)cc34)c(NC3CCOCC3)c2)CC1,Cc1ccc(C(=O)NC2CCOCC2)c(F)c1-c1ccc2cc(NC(=O)C3CC3)ncc2c1,6.499996931948306,9.0,0.26,0.0840737063536019
C=CCn1c(=O)c2cnc(Nc3ccc(N4CCN(C)CC4)cc3)nc2n1-c1cccc(C(C)(C)O)n1,O=C(Nc1cc2ccc(Nc3ccccc3)cc2cn1)C1CC1,6.499996931948306,9.0,0.17777777777777778,0.07593777211834724
O=C(Nc1nnc(COc2ccccc2)s1)c1cccs1,COC(=O)c1c(N)nc2ccccn12,6.555955204081924,4.0,0.1746031746031746,0.07907511924622444
COc1ccccc1C(=O)Nc1cc2ccc(-c3cc(F)ccc3C)cc2cn1,Cc1ccc(F)cc1-c1ccc2cc(NC(=O)C(F)F)ncc2c1,6.8794260687941495,9.0,0.6666666666666666,0.10825710994486637
CSc1nc(NCc2ccccc2)c2cnn(CC(Cl)c3ccccc3)c2n1,COC(=O)c1c(N)nc2ccccn12,6.585026652029182,4.0,0.1388888888888889,0.07757275616455092
N#Cc1cnc2cc(-c3ccc(CN4CCOCC4)cc3)ccc2c1N[C@@H]1C[C@H]1c1ccccc1,N#Cc1ccncc1-c1ccc2cc(NC(=O)C3CC3)ncc2c1,6.522878745280337,9.0,0.22988505747126436,0.07945557560117152
CCN(CC)c1nc(SC)nc2c1cnn2CC(Cl)c1ccc(Cl)cc1,Cc1c2cc(NC(=O)C3CC3)ncc2cc(-c2ccccc2Cl)[n+]1[O-],6.522878745280337,9.0,0.15294117647058825,0.07240078521222278
CSc1nc(NCc2ccccc2)c2cnn(CC(Cl)c3ccc(F)cc3)c2n1,COC(=O)c1c(N)nc2ccccn12,6.6020599913279625,4.0,0.13157894736842105,0.07794245336578473
Cc1ccc(Cc2cnc(NC(=O)c3cccs3)s2)cc1,COC(=O)c1c(N)nc2ccccn12,6.603800652904264,4.0,0.15151515151515152,0.07986241353636017
OCc1cccc(Nc2cc3ccc(-c4ccccc4Cl)nc3cn2)c1,Clc1cccc(Cl)c1-c1ccc2cc(Nc3ccnc(N4CCOCC4)n3)ncc2c1,6.669586226650809,8.987162775294827,0.27631578947368424,0.07378702492535329
O=C(Nc1cnc2[nH]cc(-c3ccccc3)c2c1)c1c(F)cccc1F,CC(=O)c1ccccc1-c1ncnc2[nH]ccc12,8.0,4.100000018985305,0.2698412698412698,0.20720641917544283
CSc1nc(NCCc2ccccc2)c2cnn(CC(Br)c3ccccc3)c2n1,COC(=O)c1c(N)nc2ccccn12,6.568636235841012,4.0,0.13513513513513514,0.0762626867861322
Cc1ccc(F)cc1-c1ccc2cc(/N=C3/NC(C)(C)CO3)ncc2c1,Cc1ccc(F)cc1-c1ccc2cc(NC(=O)C(F)F)ncc2c1,6.671620396561262,9.0,0.46153846153846156,0.09611362947282041
CSc1nc(Nc2cccc(F)c2)c2cnn(CC(Cl)c3ccc(F)cc3)c2n1,COC(=O)c1c(N)nc2ccccn12,6.657577319177793,4.0,0.11688311688311688,0.07995995942946109
CC(=O)NCC(=O)N1C2CCC1c1cc(Nc3ncc(C(F)(F)F)c(NC4CCC4)n3)ccc12,COC(=O)c1c(N)nc2ccccn12,6.599997654072044,4.0,0.14457831325301204,0.07899068096234238
CN(C)c1nc(N2CCOCC2)c2cnn(CC(Cl)c3ccccc3)c2n1,Clc1cccc(Cl)c1-c1ccc2cc(Nc3ccnc(N4CCOCC4)n3)ncc2c1,6.552841968657781,8.987162775294827,0.23170731707317074,0.07690866864761012
Cc1cc(-c2cc(O)ccc2Cl)cc2nnc(Nc3ccc(C(=O)N4CCNCC4)cc3)nc12,CC1=CN2CC(=O)NN=C2C=C1,8.078313524516398,4.0,0.14102564102564102,0.1935571431970132
Clc1cccc(Nc2ncnc3c2cnn3CC(Cl)c2ccccc2)c1,Cc1nnc(-c2ccccc2)c(C#N)n1,6.619788758288394,4.0,0.11764705882352941,0.07776908792906163
CSc1nc(NCCc2cccc(F)c2)c2cnn(CC(Cl)c3ccccc3)c2n1,COC(=O)c1c(N)nc2ccccn12,6.638272163982407,4.0,0.12345679012345678,0.0793898460844348
CCCSc1nc(N(CC)CC)c2cnn(CC(Cl)c3ccccc3)c2n1,Cc1nnc(-c2ccccc2)c(C#N)n1,6.552841968657781,4.0,0.13636363636363635,0.07543393227957558
CCCNc1nc(SCCC)nc2c1cnn2CC(Cl)c1ccccc1,COC(=O)c1c(N)nc2ccccn12,6.6020599913279625,4.0,0.1388888888888889,0.07859841392860856
ClC(Cn1ncc2c(NCCc3ccccc3)nc(SCCN3CCOCC3)nc21)c1ccccc1,COC(=O)c1c(N)nc2ccccn12,6.568636235841012,4.0,0.10714285714285714,0.07388665351273307
COc1cc2c(N[C@@H]3C[C@H]3c3ccccc3)c(C#N)cnc2cc1OCCCc1cccnc1,N#Cc1ccncc1-c1ccc2cc(NC(=O)C3CC3)ncc2c1,6.522878745280337,9.0,0.23076923076923078,0.0795434566032908
O=C(Nc1ncc(Cc2ccccc2Cl)s1)c1cccs1,COC(=O)c1c(N)nc2ccccn12,6.610833915635467,4.0,0.14925373134328357,0.0800834669369209
CC(C)n1nc(-c2cc3c(Cl)cccc3[nH]2)c2c(N)ncnc21,Cc1c(Cl)cccc1-c1ccc2cc(NC(=O)C3CC3)ncc2c1,6.552841968657781,9.0,0.17721518987341772,0.07271252324247723
Nc1ncc(-c2ccncc2)c2scc(-c3ccc(NC(=O)Nc4cc(C(F)(F)F)ccc4F)cc3)c12,COc1ccc(-c2ccc(N)cc2)c2cnoc12,8.0,4.200000030616179,0.1518987341772152,0.17017204044311007
Cc1cccc(NC(=O)Nc2ccc(-c3coc4ncnc(N)c34)cc2)c1,COC(=O)c1c(N)nc2ccccn12,6.699991797446187,4.0,0.21212121212121213,0.09233903323864404
Cn1nc(N)c2c(-c3ccc(NC(=O)Nc4ccc(F)c(C(F)(F)F)c4)cc3)ccnc21,O=C1Cc2cc(-c3ccccc3)cnc2N1,6.699991797446187,4.100000018985305,0.12,0.07680176708328659
Cc1cc(-c2cc(O)ccc2Cl)cc2nnc(Nc3ccc(S(=O)(=O)CCCN4CCCC4)cc3)nc12,CC1=CN2CC(=O)NN=C2C=C1,8.053056729302174,4.0,0.13414634146341464,0.189661948852249
Cn1nc(N)c2c(-c3ccc(NC(=O)Nc4cccc(C(F)(F)F)c4)cc3)ccnc21,O=C1Cc2cc(-c3ccccc3)cnc2N1,6.699991797446187,4.100000018985305,0.13513513513513514,0.07813594001533207
CCNc1nc(C)c(-c2ccnc(Nc3ccc(N4CCN(C(C)=O)CC4)cc3)n2)s1,CC(=O)c1ccccc1-c1ncnc2[nH]ccc12,6.599997654072044,4.100000018985305,0.15,0.07349204845794667
Cc1ccnc2[nH]c3cc(C(C)C)ccc3c(=O)c12,CC1=CN2CC(=O)NN=C2C=C1,6.599997654072044,4.0,0.15789473684210525,0.08022496092959071
Cc1cc(C)cc(NC(=O)Nc2ccc(-c3c(C)sc4ncnc(N)c34)cc2)c1,CC(=O)c1ccccc1-c1ncnc2[nH]ccc12,6.699991797446187,4.100000018985305,0.19117647058823528,0.08346601116577512
Cc1cnc(Nc2cccc(S(N)(=O)=O)c2)nc1Nc1ccc(OCC(N)=O)cc1,CC(=O)c1ccccc1-c1ncnc2[nH]ccc12,6.699991797446187,4.100000018985305,0.15384615384615385,0.0798456488790466
CSc1nc(NCc2ccc(F)cc2)c2cnn(CC(Cl)c3ccc(F)cc3)c2n1,COC(=O)c1c(N)nc2ccccn12,6.657577319177793,4.0,0.10666666666666667,0.07905003259293555
Cc1ccc(F)cc1-c1ccc2cc(NC(=O)c3ccccc3F)ncc2c1,Cc1ccc(F)cc1-c1ccc2cc(NC(=O)C(F)F)ncc2c1,7.0655015487564325,9.0,0.7037037037037037,0.09533004759909007
Cc1cc(N2CCOCC2)cc2[nH]c(-c3c(NCC(O)c4cccc(Cl)c4)cc[nH]c3=O)nc12,CC1=CN2CC(=O)NN=C2C=C1,6.599997654072044,4.0,0.12790697674418605,0.07749377956096148
O=C(Nc1nnc(SCc2cccc(F)c2)s1)c1ccc(Cl)cc1,COC(=O)c1c(N)nc2ccccn12,6.66354026615147,4.0,0.1267605633802817,0.08122188197731675
COc1cc(N2CCC(N3CCN(C)CC3)CC2)ccc1Nc1ncc(Cl)c(Nc2ccccc2S(=O)(=O)C(C)C)n1,CC(C)S(=O)(=O)c1ccc2cc(NC(=O)C3CC3)ncc2c1,6.599997654072044,9.0,0.23595505617977527,0.07515470265495412
Cc1ccc(-c2nn(C(C)(C)C)c3ncnc(N)c23)cc1,COC(=O)c1c(N)nc2ccccn12,6.599997654072044,4.0,0.15789473684210525,0.08022496092959071
Cc1cccc(NC(=O)Nc2ccc(-c3csc4ncnc(N)c34)cc2)c1,CC(=O)c1ccccc1-c1ncnc2[nH]ccc12,6.799998134593398,4.100000018985305,0.21739130434782608,0.09294182802198064
CSc1nc(NCCc2ccccc2)c2cnn(CC(Cl)c3ccc(F)cc3)c2n1,COC(=O)c1c(N)nc2ccccn12,6.698970004336019,4.0,0.1282051282051282,0.08353422752757161
Nc1c(-c2ccc(NC(=O)Nc3cccc(C(F)(F)F)c3)cc2)cnc2c(-c3ccc4c(c3)OCO4)cnn12,COC(=O)c1c(N)nc2ccccn12,6.699991797446187,4.0,0.1566265060240964,0.08638602675455172
COc1cc(-c2ccc3c(c2)Nc2ccc(C(=O)NCCCN(C)C)cc2NC3=O)ccc1O,COCCNC(=O)c1ccc(C)c(-c2ccc3cc(NC(=O)C4CC4)ncc3c2)c1,6.599997654072044,9.0,0.28735632183908044,0.08027486000882537
CSc1nc(NCCc2cccc(Cl)c2)c2cnn(CC(Cl)c3ccccc3)c2n1,COC(=O)c1c(N)nc2ccccn12,6.698970004336019,4.0,0.12345679012345678,0.08308485862759751
Clc1ccccc1-c1ccc2cc(Nc3ncccn3)ncc2c1,Cc1c(Cl)cccc1-c1ccc2cc(NC(=O)C3CC3)ncc2c1,6.856985199745905,9.0,0.47368421052631576,0.08286475271106841
O=C(Nc1nnc(SCc2ccc(Br)cc2)s1)c1ccccc1Cl,COC(=O)c1c(N)nc2ccccn12,6.647817481888637,4.0,0.14705882352941177,0.08215875394560354
CC(C)NC1=NNC(=O)C1=Cc1cc2ccccc2[nH]1,CC1=CN2CC(=O)NN=C2C=C1,6.599997654072044,4.0,0.14754098360655737,0.07926227981223449
c1ccc(CNc2nc(Nc3cc(C4CC4)[nH]n3)c3sccc3n2)cc1,O=C1Cc2cc(-c3ccccc3)cnc2N1,8.0,4.100000018985305,0.15942028985507245,0.18082967413872295
COc1ccc(CSc2nnc(NC(=O)c3ccc(F)cc3)s2)cc1,COC(=O)c1c(N)nc2ccccn12,6.709965388637483,4.0,0.17647058823529413,0.08908959484912288
Fc1ccc(C(Cl)Cn2ncc3c(NCc4ccccc4Cl)ncnc32)cc1,Clc1ccccc1CNc1ncnc2c1cnn2CC(Cl)c1ccc(Br)cc1,6.698970004336019,8.455931955649724,0.8245614035087719,0.0946165300330461
Fc1ccc(CNc2ncnc3c2cnn3CC(Cl)c2ccc(F)cc2)cc1,Fc1cccc(CNc2ncnc3[nH]cnc23)c1,6.698970004336019,4.300000029139088,0.3125,0.08291159915559186
OCCNc1nc(NCCc2ccccc2)c2cnn(/C=C\c3ccccc3)c2n1,COC(=O)c1c(N)nc2ccccn12,6.657577319177793,4.0,0.1388888888888889,0.08198813157373906
CNCC#Cc1cnc(N)c2c(-c3ccc(NC(=O)Nc4cccc(C)c4)cc3)csc12,Cc1cccc(NC(=O)Nc2ccc(-c3csc4c(-c5cn[nH]c5)cnc(N)c34)cc2)c1,6.799998134593398,8.79997073344623,0.6338028169014085,0.09160193910096877
O=C(Cc1ccc(-c2cccnc2)cc1)Nc1ccc(SC(F)F)cc1,O=C1Cc2cc(-c3ccccc3)cnc2N1,6.699991797446187,4.100000018985305,0.15625,0.08007025777255705
COc1ccc(CSc2nnc(NC(=O)c3ccc(Cl)cc3)s2)cc1,COC(=O)c1c(N)nc2ccccn12,6.723538195826755,4.0,0.17647058823529413,0.08998423654101048
COc1ccc(-c2ccc(NC(=O)Nc3ccc(OC(F)(F)F)cc3)cc2)c2c(N)noc12,COc1ccc(-c2ccc(N)cc2)c2cnoc12,6.699991797446187,4.200000030616179,0.3548387096774194,0.09533856844758314
Cc1cccc(NC(=O)Nc2ccc(-c3csc4c(C#CCN(C)C)cnc(N)c34)cc2)c1,Cc1cccc(NC(=O)Nc2ccc(-c3csc4c(-c5cn[nH]c5)cnc(N)c34)cc2)c1,6.799998134593398,8.79997073344623,0.6164383561643836,0.08922470968771085
CSc1nc(NCc2ccccc2)c2cnn(CC(Br)c3ccccc3)c2n1,COC(=O)c1c(N)nc2ccccn12,6.721246399047171,4.0,0.1388888888888889,0.08596366177338934
O=C(Nc1nnc(SCc2ccc([N+](=O)[O-])cc2)s1)c1ccc(F)cc1,COC(=O)c1c(N)nc2ccccn12,6.6777807052660805,4.0,0.1095890410958904,0.08051872228756152
O=C(O)c1ccc(Nc2ncc3c(n2)-c2ccc(Cl)cc2C(c2c(F)cccc2F)=NC3)cc1,COC(=O)c1c(N)nc2ccccn12,6.799998134593398,4.0,0.12658227848101267,0.08973915379221528
COc1ccc2c(c1)c(-c1cc3nc(Br)cnc3[nH]1)cn2C,CC(=O)c1ccccc1-c1ncnc2[nH]ccc12,6.699991797446187,4.100000018985305,0.14084507042253522,0.07865050689127
COc1cc(-c2csc3c(C=CC(=O)NCCN(C)C)cnc(N)c23)ccc1NC(=O)c1cc2ccccc2n1C,CC(=O)c1ccccc1-c1ncnc2[nH]ccc12,7.899974269892137,4.100000018985305,0.16161616161616163,0.1721163050866197
CN(C)CC(O)COc1ccc(Nc2nccc(Nc3cc(Cl)ccc3Cl)n2)cc1,COC(=O)c1c(N)nc2ccccn12,6.699991797446187,4.0,0.11538461538461539,0.08239358790691084
O=C(Nc1nnc(SCc2cccc(F)c2)s1)c1ccc(F)cc1,COC(=O)c1c(N)nc2ccccn12,6.777283528852417,4.0,0.1323529411764706,0.08887181543388527
CSc1nc(Nc2cccc(Br)c2)c2cnn(CC(Cl)c3ccc(F)cc3)c2n1,COC(=O)c1c(N)nc2ccccn12,6.823908740944319,4.0,0.1125,0.08983868420046125
O=C(Nc1ncc(Cc2ccccc2F)s1)c1cccs1,COC(=O)c1c(N)nc2ccccn12,6.769551078621726,4.0,0.15151515151515152,0.09035365517788786
Cn1cc(-c2cnn3c(N)c(-c4ccc(NC(=O)Nc5cccc(C(F)(F)F)c5)cc4)cnc23)cn1,CC(=O)c1ccccc1-c1ncnc2[nH]ccc12,7.79997073344623,4.100000018985305,0.1566265060240964,0.16222402892675897
CCCSc1nc(Nc2cccc(Cl)c2)c2cnn(CC(Cl)c3ccccc3)c2n1,COC(=O)c1c(N)nc2ccccn12,6.823908740944319,4.0,0.12658227848101267,0.09127835429391856
COc1cc2c(N[C@@H]3C[C@H]3c3ccccc3)c(C#N)cnc2cc1OCCCN1CCOCC1,Cc1nnc(-c2ccccc2)c(C#N)n1,6.698970004336019,4.0,0.15,0.08565589808257809
Cn1cc(-c2cc3nc(Br)cnc3[nH]2)c2cc(F)ccc21,CC1=CN2CC(=O)NN=C2C=C1,6.799998134593398,4.0,0.1076923076923077,0.08785013401508064
CNC(=O)c1cc(Oc2ccc(NC(=O)Nc3ccc(Cl)c(C(F)(F)F)c3)cc2)ccn1,COC(=O)c1c(N)nc2ccccn12,6.799998134593398,4.0,0.13513513513513514,0.09061964906157183
CN(C)c1nc(NCc2ccccc2)c2cnn(CC(Cl)c3ccccc3)c2n1,COC(=O)c1c(N)nc2ccccn12,6.795880017344075,4.0,0.1388888888888889,0.0907436475504166
COc1ccc(Cc2cnc(NC(=O)c3cccs3)s2)cc1,COC(=O)c1c(N)nc2ccccn12,7.795880017344075,4.0,0.19696969696969696,0.17915907900607686
COc1cc(-c2nn(C3CCC(N4CCN(C(C)=O)CC4)CC3)c3ncnc(N)c23)ccc1NC(=O)c1cc2ccccc2n1C,O=C1Cc2cc(-c3ccccc3)cnc2N1,6.799998134593398,4.100000018985305,0.11956521739130435,0.08278296252253951
Cc1nc(N)sc1-c1ccnc(Nc2cccc([N+](=O)[O-])c2)n1,COC(=O)c1c(N)nc2ccccn12,6.795880017344075,4.0,0.15714285714285714,0.09268686231711094
Cn1c(=O)c(-c2c(Cl)cccc2Cl)cc2cnc(NCc3cccc(NC(=O)CN)c3)nc21,COC(=O)c1c(N)nc2ccccn12,7.698970004336019,4.0,0.1794871794871795,0.16658092990354573
Cc1cccc(NC(=O)Nc2ccc(-c3csc4c(C#CCCCCCCCCN)cnc(N)c34)cc2)c1,COC(=O)c1c(N)nc2ccccn12,6.900008766455316,4.0,0.15476190476190477,0.09944211417182827
ClC(Cn1ncc2c(Nc3ccccc3)nc(SCCN3CCOCC3)nc21)c1ccccc1,COC(=O)c1c(N)nc2ccccn12,6.823908740944319,4.0,0.1125,0.08983868420046125
O=C(Nc1ncc(Cc2ccc(F)cc2)s1)c1cccs1,COC(=O)c1c(N)nc2ccccn12,6.886056647693163,4.0,0.13432835820895522,0.09618671363244033
Nc1ncnc2c1c(-c1cnc3[nH]ccc3c1)nn2C1CCCC1,CC(=O)c1ccccc1-c1ncnc2[nH]ccc12,7.79997073344623,4.100000018985305,0.2537313432835821,0.18268277355102164
COC(=O)c1c(-c2ccc(NC(=O)Nc3ccccc3)cc2)c2c(N)ncnn2c1C,COC(=O)c1c(N)nc2ccccn12,6.900008766455316,4.0,0.31746031746031744,0.1219655307985115
O=C(Nc1ncc(Cc2cccc(C(F)(F)F)c2)s1)c1cccs1,COC(=O)c1c(N)nc2ccccn12,6.866461091629782,4.0,0.1232876712328767,0.09369893173283514
Cc1ccc(-c2cnc(N)c3c(-c4ccc(NC(=O)Nc5cccc(F)c5)cc4)csc23)cn1,O=C1Cc2cc(-c3ccccc3)cnc2N1,7.400007822415902,4.100000018985305,0.1506849315068493,0.1281554682170022
Cc1cccc(NC(=O)Nc2ccc(-c3cnc4c(-c5cnn(C)c5)cnn4c3N)cc2)c1,COC(=O)c1c(N)nc2ccccn12,7.599980364934841,4.0,0.18666666666666668,0.1591490607290315
Fc1ccc(C(Cl)Cn2ncc3c(NCc4cccc(Cl)c4)ncnc32)cc1,Fc1cccc(CNc2ncnc3[nH]cnc23)c1,6.920818753952375,4.300000029139088,0.373134328358209,0.10744794378366751
Cc1cc(-c2c(Cl)cccc2Cl)cc2nnc(Nc3ccc(OCCN4CCCC4)cc3)nc12,Cc1nnc(-c2ccccc2)c(C#N)n1,7.707743928643524,4.0,0.16901408450704225,0.16529939794972187
CCSc1nc(NCCc2ccccc2)c2cnn(CC(Cl)c3ccccc3)c2n1,COC(=O)c1c(N)nc2ccccn12,6.886056647693163,4.0,0.13333333333333333,0.09607719803434177
Clc1cccc(Nc2nc(SCCN3CCOCC3)nc3c2cnn3CC(Cl)c2ccccc2)c1,COC(=O)c1c(N)nc2ccccn12,6.920818753952375,4.0,0.10344827586206896,0.09514459619564777
Nc1ncc(-c2ccoc2)c2scc(-c3ccc(NC(=O)Nc4ccccc4F)cc3)c12,CC(=O)c1ccccc1-c1ncnc2[nH]ccc12,7.0,4.100000018985305,0.16666666666666666,0.10084212830927192
COc1cc(Nc2ncc([N+](=O)[O-])c(Nc3ccccc3C(N)=O)n2)cc(OC)c1OC,CC(=O)c1ccccc1-c1ncnc2[nH]ccc12,6.900008766455316,4.100000018985305,0.21333333333333335,0.0994552143605968
CSc1nc(NCc2ccccc2)c2cnn(CC(Cl)c3ccc(Cl)cc3)c2n1,COC(=O)c1c(N)nc2ccccn12,6.9586073148417755,4.0,0.13157894736842105,0.10076602219639802
Cc1cc(-c2cc(N)ccc2Cl)cc2nnc(Nc3ccc(S(=O)(=O)NCCN4CCCC4)cc3)nc12,COC(=O)c1c(N)nc2ccccn12,7.795880017344075,4.0,0.12643678160919541,0.16489960322182315
Cn1c(=O)c(-c2c(Cl)cccc2Cl)cc2cnc(NCc3cccc(C(=O)CCCC[C@@H]4SC[C@@H]5NC(=O)N[C@H]45)c3)nc21,COC(=O)c1c(N)nc2ccccn12,7.698970004336019,4.0,0.14583333333333334,0.16011149905216443
CSc1nc(NCc2ccc(F)cc2)c2cnn(CC(Cl)c3ccccc3)c2n1,COC(=O)c1c(N)nc2ccccn12,7.0,4.0,0.13157894736842105,0.1036052996063566
CSc1nc(NCCc2ccccc2)c2cnn(CC(Cl)c3ccc(Cl)cc3)c2n1,COC(=O)c1c(N)nc2ccccn12,6.9586073148417755,4.0,0.1282051282051282,0.10037903085477508
Cn1c(=O)c(-c2c(Cl)cccc2Cl)cc2cnc(Nc3cccc(NC(=O)CN)c3)nc21,COC(=O)c1c(N)nc2ccccn12,7.301029995663981,4.0,0.18666666666666668,0.13381437103053792
Fc1ccc(C(Cl)Cn2ncc3c(NCc4cccc(F)c4)ncnc32)cc1,Fc1cccc(CNc2ncnc3[nH]cnc23)c1,7.0,4.300000029139088,0.45161290322580644,0.12740553919221115
O=C1NC(=O)c2c1c(-c1ccccc1Cl)cc1[nH]c3ccc(O)cc3c21,O=C1Cc2cc(-c3ccccc3)cnc2N1,6.799998134593398,4.100000018985305,0.16129032258064516,0.08686028626192484
CCCCNc1nc(SC)nc2c1cnn2CC(Cl)c1ccc(F)cc1,COC(=O)c1c(N)nc2ccccn12,6.9586073148417755,4.0,0.1038961038961039,0.09767101056423391
CC(C)(C)c1ccc2nc(-c3n[nH]c4ccccc34)[nH]c2c1,COC(=O)c1c(N)nc2ccccn12,6.799998134593398,4.0,0.12698412698412698,0.08978016648001015
Cc1cc(C)c2oc(Nc3ccc(-c4cccc(C(N)=O)c4N)cc3F)nc2c1,O=C1Cc2cc(-c3ccccc3)cnc2N1,7.0,4.100000018985305,0.10256410256410256,0.09370105745585808
Cc1cccc(NC(=O)Nc2ccc(-c3csc4c(C#CCNS(C)(=O)=O)cnc(N)c34)cc2)c1,COC(=O)c1c(N)nc2ccccn12,7.100015437450609,4.0,0.15853658536585366,0.11413478884974222
Fc1ccc(C(Cl)Cn2ncc3c(NCc4ccccc4F)ncnc32)cc1,Fc1cccc(CNc2ncnc3[nH]cnc23)c1,7.698970004336019,4.300000029139088,0.2714285714285714,0.15770985953003377
O=C(Nc1ncc(Cc2cccc(Cl)c2)s1)c1cccs1,NC(=O)c1cc2ccncc2s1,7.013228265733755,4.100000018985305,0.19047619047619047,0.10470016088077533
Cn1c(=O)c(-c2c(Cl)cccc2Cl)cc2cnc(Nc3cccc(N)c3)nc21,COC(=O)c1c(N)nc2ccccn12,7.301029995663981,4.0,0.18840579710144928,0.13409495559594475
CSc1nc(NCc2ccccc2Cl)c2cnn(CC(Cl)c3ccccc3)c2n1,COC(=O)c1c(N)nc2ccccn12,7.048176964684088,4.0,0.13157894736842105,0.10695961106481905
CCCSc1nc(NCc2ccccc2)c2cnn(CC(Cl)c3ccccc3)c2n1,COC(=O)c1c(N)nc2ccccn12,7.0,4.0,0.13513513513513514,0.10402779697155154
O=C(Nc1nnc(SCc2ccc(F)cc2)s1)c1ccc(Cl)cc1,COC(=O)c1c(N)nc2ccccn12,6.98296666070122,4.0,0.11594202898550725,0.10063233956990829
Cc1cccc(NC(=O)Nc2ccc(-c3csc4c(C#CCN5CCOCC5)cnc(N)c34)cc2)c1,O=C1Cc2cc(-c3ccccc3)cnc2N1,7.400007822415902,4.100000018985305,0.12643678160919541,0.12463057288223296
Cc1ccc(NC(=O)Nc2ccc(-c3csc4c(-c5cnn(C(C)C(=O)N(C)C)c5)cnc(N)c34)cc2)cc1,COC(=O)c1c(N)nc2ccccn12,7.599980364934841,4.0,0.16455696202531644,0.155011831316688
Nc1ncnc2scc(-c3ccc(NC(=O)Nc4cc(C(F)(F)F)ccc4F)cc3)c12,COC(=O)c1c(N)nc2ccccn12,7.50003813440381,4.0,0.14473684210526316,0.1431710321703431
CCN1CCN(Cc2ccc(NC(=O)Nc3ccc(Oc4cc(NC)ncn4)cc3)cc2C(F)(F)F)CC1,COC(=O)c1c(N)nc2ccccn12,7.599980364934841,4.0,0.13253012048192772,0.14935228055690714
CSc1cccc(CNc2ncc3cc(-c4c(Cl)cccc4Cl)c(=O)n(C)c3n2)c1,COC(=O)c1c(N)nc2ccccn12,7.154901959985743,4.0,0.14666666666666667,0.11658750771420542
NC(=O)c1cccc(-c2cnc3[nH]cc(-c4ccccc4)c3c2)c1,O=C1Cc2cc(-c3ccccc3)cnc2N1,7.299988937677888,4.100000018985305,0.2962962962962963,0.14439324879774873
O=C(Nc1ncc(Cc2ccccc2)s1)c1cccs1,COC(=O)c1c(N)nc2ccccn12,7.045757490560676,4.0,0.15873015873015872,0.11019947957582364
Cc1cccc(NC(=O)Nc2ccc(-c3csc4c(C#Cc5cccnc5)cnc(N)c34)cc2)c1,COC(=O)c1c(N)nc2ccccn12,7.199970640755866,4.0,0.15853658536585366,0.12161364746623662
Cn1c(=O)c(-c2ccccc2Cl)cc2cnc(NCc3cccc(N)c3)nc21,COC(=O)c1c(N)nc2ccccn12,7.221848749616356,4.0,0.18055555555555555,0.12654033411581211
Cn1c(=O)c(-c2c(F)cccc2F)cc2cnc(NCc3cccc(N)c3)nc21,COC(=O)c1c(N)nc2ccccn12,7.3979400086720375,4.0,0.18309859154929578,0.14118006492790205
CN1CCN(c2ccc(Nc3ncc(Cl)c(Nc4ccc5[nH]ncc5c4)n3)cc2)CC1,O=C1Cc2cc(-c3ccccc3)cnc2N1,7.0,4.100000018985305,0.14084507042253522,0.09784836353579232
CSc1nc(Nc2cccc(Br)c2)c2cnn(CC(Cl)c3ccccc3)c2n1,COC(=O)c1c(N)nc2ccccn12,7.221848749616356,4.0,0.1282051282051282,0.11903608696577389
CCSc1nc(Nc2cccc(Cl)c2)c2cnn(CC(Cl)c3ccccc3)c2n1,COC(=O)c1c(N)nc2ccccn12,7.3979400086720375,4.0,0.12987012987012986,0.13265504615425625
CSc1nc(NCc2ccccc2F)c2cnn(CC(Cl)c3ccccc3)c2n1,COC(=O)c1c(N)nc2ccccn12,7.096910013008056,4.0,0.13157894736842105,0.11040700627426922
CCN(C(C)=O)c1ccc(Nc2nc(NC3CC3)c3nc[nH]c3n2)cc1,CC(=O)c1ccccc1-c1ncnc2[nH]ccc12,7.0,4.100000018985305,0.2054794520547945,0.10566130185007812
Nc1n[nH]c2nccc(-c3ccc(NC(=O)Nc4cc(C(F)(F)F)ccc4F)cc3)c12,O=C1Cc2cc(-c3ccccc3)cnc2N1,7.100015437450609,4.100000018985305,0.13513513513513514,0.10402886627361815
N#CCOc1ccc(Nc2nc(Nc3cccc(S(N)(=O)=O)c3)ncc2Br)cc1,Cc1nnc(-c2ccccc2)c(C#N)n1,7.0,4.0,0.14285714285714285,0.10495626822157435
Cc1cccc(Cc2cnc(NC(=O)c3cccs3)s2)c1,COC(=O)c1c(N)nc2ccccn12,7.229147988357855,4.0,0.14492753623188406,0.1218937217894386
CNC(=O)C=Cc1cnc(N)c2c(-c3ccc4sc(C)nc4c3)csc12,O=C1Cc2cc(-c3ccccc3)cnc2N1,7.299988937677888,4.100000018985305,0.12,0.1163387014552425
Clc1ccc(C(Cl)Cn2ncc3c(NCc4cccc(Cl)c4)ncnc32)cc1,Fc1cccc(CNc2ncnc3[nH]cnc23)c1,7.096910013008056,4.300000029139088,0.3088235294117647,0.11215010812589318
Nc1ncnc2c1N=C(c1ccc(NC(=O)Nc3cccc(C(F)(F)F)c3)cc1)CCN2,O=C1Cc2cc(-c3ccccc3)cnc2N1,7.100015437450609,4.100000018985305,0.16216216216216217,0.10734617674251283
Cc1cc(Nc2ncc(F)c(NC3C4C=CC(C4)C3C(N)=O)n2)ccc1N1CCN(C)CC1,O=C1Cc2cc(-c3ccccc3)cnc2N1,7.400007822415902,4.100000018985305,0.11904761904761904,0.1235919717770438
O=C1NN=Cc2c[nH]c3cc(NC(=O)C4CC4c4ccccc4)cc1c23,COC(=O)c1c(N)nc2ccccn12,7.0,4.0,0.13157894736842105,0.1036052996063566
Fc1cccc(CNc2ncnc3c2cnn3CC(Cl)c2ccccc2)c1,Fc1cccc(CNc2ncnc3[nH]cnc23)c1,7.3979400086720375,4.300000029139088,0.42857142857142855,0.16228555765998234
Fc1ccc(CNc2ncnc3c2cnn3CC(Cl)c2ccc(Cl)cc2)cc1,Fc1cccc(CNc2ncnc3[nH]cnc23)c1,7.096910013008056,4.300000029139088,0.29411764705882354,0.10999236577027827
CSc1nc(NCc2cccc(Br)c2)c2cnn(CC(Cl)c3ccccc3)c2n1,COC(=O)c1c(N)nc2ccccn12,7.1938200260161125,4.0,0.125,0.11654852577676199
ClC(Cn1ncc2c(NCc3ccccc3)nc(SCCN3CCOCC3)nc21)c1ccccc1,COC(=O)c1c(N)nc2ccccn12,7.045757490560676,4.0,0.10975609756097561,0.1041882171759149
O=C(Nc1nnc(SCc2ccccc2)s1)c1ccc(F)cc1,COC(=O)c1c(N)nc2ccccn12,7.154901959985743,4.0,0.15384615384615385,0.11756526876937315
COc1ccc2c(c1)Cc1sc(NC(=O)c3cccs3)nc1-2,COC(=O)c1c(N)nc2ccccn12,7.167491087293763,4.0,0.18571428571428572,0.12306571142395971
CC(C)Nc1nccc(Nc2ncc(-c3ccccc3)s2)n1,O=C1Cc2cc(-c3ccccc3)cnc2N1,7.100015437450609,4.100000018985305,0.20689655172413793,0.11327149109272705
Cn1c(=O)c(-c2ccccc2Br)cc2cnc(NCc3cccc(N)c3)nc21,COC(=O)c1c(N)nc2ccccn12,7.3979400086720375,4.0,0.18055555555555555,0.14075054782971483
O=C(Nc1nnc(SCc2cccc(Cl)c2)s1)c1ccc(Cl)cc1,COC(=O)c1c(N)nc2ccccn12,7.136677139879544,4.0,0.13043478260869565,0.11311280002962332
O=C(Nc1nnc(SCc2ccc(Br)cc2)s1)c1ccc(F)cc1,COC(=O)c1c(N)nc2ccccn12,7.050609993355087,4.0,0.11594202898550725,0.10524807174862964
O=C(Nc1ncc(Cc2cc(Cl)ccc2Cl)s1)c1cccs1,NC(=O)c1cc2ccncc2s1,7.301029995663981,4.100000018985305,0.19047619047619047,0.1264089450545064
O=C(Nc1nnc(SCc2ccc([N+](=O)[O-])cc2)s1)c1ccccc1Cl,COC(=O)c1c(N)nc2ccccn12,7.080921907623926,4.0,0.1388888888888889,0.11018958635444574
c1cc2cc(-c3ccc4cn[nH]c4c3)cnc2[nH]1,O=C1Cc2cc(-c3ccccc3)cnc2N1,7.299988937677888,4.100000018985305,0.20754716981132076,0.12897838491074626
O=C(Nc1nnc(SCc2ccc([N+](=O)[O-])cc2)s1)c1ccc(Cl)cc1,COC(=O)c1c(N)nc2ccccn12,7.036212172654444,4.0,0.1095890410958904,0.10351686071778876
CN1CCN(c2ccc(-c3cnc4c(c3)N(Cc3c(F)ccc(F)c3Cl)CCN4)cn2)CC1,O=C1Cc2cc(-c3ccccc3)cnc2N1,7.0,4.100000018985305,0.21428571428571427,0.10681067644405982
Cc1cc(=O)n2ccc(CN(C)C)c(O)c2n1,COC(=O)c1c(N)nc2ccccn12,7.100015437450609,4.0,0.1864406779661017,0.11798136776070714
CN1CCN(c2ccc3nc(-c4c(N)c5c(F)cccc5[nH]c4=O)[nH]c3c2)CC1,COC(=O)c1c(N)nc2ccccn12,7.0,4.0,0.14473684210526316,0.10518458867910775
COc1cc2c(Oc3ccc4[nH]c(C)cc4c3F)ncnc2cc1OCCCN1CCCC1,COC(=O)c1c(N)nc2ccccn12,7.0,4.0,0.10843373493975904,0.10093199040901595
NC(COc1cncc(-c2ccc3c(c2)C(=Cc2ccc[nH]2)C(=O)N3)c1)Cc1ccccc1,O=C1Cc2cc(-c3ccccc3)cnc2N1,7.199970640755866,4.100000018985305,0.2191780821917808,0.12278908408921421
NC(=O)c1c(OCc2c(F)cc(Br)cc2F)nsc1NC(=O)NCCCCN1CCCC1,O=C1Cc2cc(-c3ccccc3)cnc2N1,7.100015437450609,4.100000018985305,0.0975609756097561,0.09972171973778263
O=C(Nc1nnc(SCc2ccc(Br)cc2)s1)c1ccc(Cl)cc1,COC(=O)c1c(N)nc2ccccn12,7.327902142064283,4.0,0.11594202898550725,0.1252511912661494
Nc1ccc(-c2csc3c(C=Cc4nc5ccccc5[nH]4)cnc(N)c23)cc1,COC(=O)c1c(N)nc2ccccn12,7.299988937677888,4.0,0.15492957746478872,0.12878989065789284
COc1cc2c(Nc3ccc(Br)cc3F)ncnc2cc1OCC1CCN(C)CC1,COC(=O)c1c(N)nc2ccccn12,7.50003813440381,4.0,0.1111111111111111,0.1377944978418428
COc1cc2c(N[C@@H]3C[C@H]3c3ccccc3)c(C#N)cnc2cc1OCCCN1CCN(C)CC1,Cc1nnc(-c2ccccc2)c(C#N)n1,7.356547323513813,4.0,0.1518987341772152,0.13277202202210367
CNC1CC2OC(C)(C1OC)n1c3ccccc3c3c4c(c5c6ccccc6n2c5c31)C(=O)NC4,COC(=O)c1c(N)nc2ccccn12,7.0,4.0,0.13253012048192772,0.1037179928889604
O=C1Nc2cc(-c3ccc(O)cc3)ccc2C1=Cc1ccc[nH]1,O=C1Cc2cc(-c3ccccc3)cnc2N1,7.299988937677888,4.100000018985305,0.1896551724137931,0.1262015942721802
COc1ccc(C=NNc2ncnc3c2[nH]c2ccccc23)cc1OC,CC(=O)c1ccccc1-c1ncnc2[nH]ccc12,7.199970640755866,4.100000018985305,0.18055555555555555,0.11714771876866671
S=c1[nH]nc2c3c4c(sc3n3c(=S)[nH]nc3n12)CCC4,CC1=CN2CC(=O)NN=C2C=C1,7.100015437450609,4.0,0.08196721311475409,0.10467667441587007
