position_diff,jaccard
1,0.0
1,0.3333333333333333
2,1.0
0,1.0
0,1.0
0,1.0
0,1.0
0,1.0
0,1.0
1,0.8181818181818182
1,1.0
0,1.0
1,0.8571428571428571
1,1.0
0,1.0
6,0.8823529411764706
2,0.7894736842105263
2,0.7142857142857143
2,0.7272727272727273
4,0.8181818181818182
3,0.9090909090909091
1,0.9130434782608695
6,1.0
0,1.0
6,0.9230769230769231
1,0.9259259259259259
0,0.9285714285714286
0,0.9310344827586207
0,0.9333333333333333
4,0.9354838709677419
1,1.0
8,0.9393939393939394
5,0.8857142857142857
26,0.8378378378378378
2,0.7948717948717948
2,0.8
7,0.8048780487804879
2,0.8536585365853658
0,0.8571428571428571
1,0.8604651162790697
6,0.9069767441860465
10,0.9090909090909091
0,0.9111111111111111
24,0.9130434782608695
7,0.875
13,0.8775510204081632
0,0.88
6,0.8823529411764706
4,0.8846153846153846
4,0.8518518518518519
5,0.8545454545454545
4,0.8909090909090909
0,0.8928571428571429
10,0.8947368421052632
6,0.896551724137931
6,0.8983050847457628
6,0.9
3,0.9016393442622951
3,0.9032258064516129
3,0.9047619047619048
2,0.90625
5,0.9076923076923077
2,0.9090909090909091
6,0.9393939393939394
3,0.9696969696969697
5,0.9701492537313433
1,0.9705882352941176
1,1.0
3,0.9714285714285714
0,0.971830985915493
8,0.9452054794520548
10,0.9459459459459459
8,0.9210526315789473
2,0.8974358974358975
4,0.8987341772151899
1,0.9
2,0.925
0,0.9259259259259259
6,0.9506172839506173
0,0.9512195121951219
3,0.9518072289156626
8,0.9759036144578314
14,0.9761904761904762
7,0.9764705882352941
0,0.9767441860465116
2,0.9545454545454546
0,0.9550561797752809
8,0.9555555555555556
3,0.9560439560439561
2,0.9354838709677419
13,0.9361702127659575
8,0.9368421052631579
4,0.9175257731958762
11,0.898989898989899
16,0.8811881188118812
13,0.900990099009901
1,0.9019607843137255
4,0.9215686274509803
4,0.9223300970873787
11,0.941747572815534
0,0.9423076923076923
3,0.9428571428571428
0,0.9433962264150944
14,0.9622641509433962
3,0.9811320754716981
7,0.9629629629629629
14,0.963302752293578
2,0.9636363636363636
2,0.963963963963964
38,0.9469026548672567
2,0.9646017699115044
4,0.9649122807017544
9,0.9652173913043478
2,0.9487179487179487
5,0.9491525423728814
2,0.9495798319327731
2,0.9338842975206612
3,0.9504132231404959
5,0.9669421487603306
8,0.9672131147540983
24,0.9516129032258065
5,0.967741935483871
11,0.9523809523809523
1,0.9375
5,0.953125
3,0.9534883720930233
1,0.9389312977099237
4,0.9541984732824428
14,0.9398496240601504
3,0.9402985074626866
11,0.9264705882352942
1,0.9130434782608695
8,0.9136690647482014
2,0.9142857142857143
6,0.9148936170212766
1,0.9154929577464789
2,0.9295774647887324
17,0.9300699300699301
13,0.9305555555555556
4,0.9178082191780822
11,0.9315068493150684
13,0.9319727891156463
12,0.9455782312925171
5,0.9591836734693877
13,0.9727891156462585
8,0.972972972972973
19,0.96
8,0.9733333333333334
2,0.9735099337748344
28,0.9607843137254902
5,0.961038961038961
1,0.9612903225806452
98,0.9490445859872612
21,0.9371069182389937
5,0.949685534591195
7,0.95
2,0.9382716049382716
76,0.926829268292683
31,0.9272727272727272
7,0.927710843373494
11,0.9166666666666666
8,0.9171597633136095
6,0.9064327485380117
53,0.8959537572254336
2,0.896551724137931
2,0.9080459770114943
12,0.8977272727272727
10,0.8983050847457628
8,0.9096045197740112
18,0.8994413407821229
19,0.9
7,0.9111111111111111
11,0.9116022099447514
17,0.9120879120879121
15,0.9230769230769231
3,0.9234972677595629
21,0.9239130434782609
7,0.9347826086956522
2,0.9351351351351351
7,0.9251336898395722
1,0.925531914893617
14,0.9361702127659575
8,0.9263157894736842
14,0.9267015706806283
8,0.917098445595855
15,0.9076923076923077
37,0.9081632653061225
30,0.9086294416243654
6,0.9090909090909091
4,0.9191919191919192
42,0.9195979899497487
3,0.92
13,0.93
27,0.9303482587064676
15,0.9211822660098522
12,0.9215686274509803
23,0.9219512195121952
6,0.9223300970873787
14,0.9227053140096618
11,0.9138755980861244
4,0.9234449760765551
26,0.9238095238095239
25,0.9150943396226415
8,0.9154929577464789
3,0.9069767441860465
6,0.8986175115207373
0,0.8990825688073395
5,0.908256880733945
38,0.9
11,0.9090909090909091
14,0.9095022624434389
35,0.918552036199095
2,0.9103139013452914
0,0.9107142857142857
98,0.9111111111111111
11,0.911504424778761
13,0.9203539823008849
1,0.920704845814978
17,0.9210526315789473
22,0.9213973799126638
5,0.9217391304347826
0,0.922077922077922
17,0.9224137931034483
22,0.9310344827586207
30,0.9396551724137931
17,0.9399141630901288
7,0.9401709401709402
7,0.9487179487179487
35,0.948936170212766
17,0.9491525423728814
9,0.9411764705882353
6,0.9333333333333333
2,0.9416666666666667
16,0.941908713692946
9,0.9421487603305785
7,0.9504132231404959
5,0.9506172839506173
11,0.9588477366255144
10,0.9510204081632653
40,0.9591836734693877
18,0.959349593495935
13,0.9516129032258065
10,0.944
1,0.9442231075697212
10,0.9444444444444444
20,0.937007874015748
37,0.9372549019607843
7,0.9375
19,0.9453125
25,0.9455252918287937
7,0.953307392996109
5,0.9459459459459459
14,0.9461538461538461
25,0.9389312977099237
15,0.9391634980988594
11,0.9393939393939394
21,0.939622641509434
11,0.9325842696629213
17,0.9328358208955224
1,0.9259259259259259
20,0.9261992619926199
8,0.9264705882352942
28,0.9197080291970803
8,0.92
19,0.9202898550724637
2,0.927536231884058
19,0.9347826086956522
3,0.9280575539568345
10,0.935251798561151
33,0.9424460431654677
13,0.9496402877697842
20,0.9498207885304659
1,0.9430604982206405
11,0.9501779359430605
56,0.950354609929078
52,0.9436619718309859
0,0.9438596491228071
13,0.9508771929824561
24,0.951048951048951
41,0.9512195121951219
8,0.9513888888888888
22,0.9515570934256056
9,0.9450171821305842
11,0.9452054794520548
9,0.9387755102040817
10,0.9389830508474576
31,0.9326599326599326
8,0.9328859060402684
7,0.9331103678929766
18,0.9333333333333333
23,0.94
5,0.9401993355481728
9,0.933993399339934
21,0.9342105263157895
33,0.9407894736842105
73,0.940983606557377
13,0.9411764705882353
12,0.9413680781758957
17,0.9352750809061489
50,0.9292604501607717
11,0.9294871794871795
12,0.9297124600638977
16,0.9361022364217252
19,0.9363057324840764
2,0.930379746835443
33,0.9305993690851735
1,0.9308176100628931
25,0.9371069182389937
11,0.9373040752351097
2,0.9375
12,0.9376947040498442
5,0.937888198757764
10,0.9380804953560371
10,0.9382716049382716
6,0.9444444444444444
23,0.9506172839506173
13,0.9567901234567902
36,0.9629629629629629
13,0.963076923076923
32,0.9631901840490797
4,0.9573170731707317
7,0.9515151515151515
2,0.9575757575757575
19,0.9636363636363636
1,0.9637462235649547
68,0.963855421686747
46,0.9580838323353293
27,0.9640718562874252
16,0.9641791044776119
0,0.9642857142857143
20,0.9702380952380952
22,0.9644970414201184
4,0.9588235294117647
5,0.9532163742690059
1,0.9476744186046512
11,0.9478260869565217
12,0.9479768786127167
29,0.9425287356321839
4,0.9482758620689655
40,0.9484240687679083
19,0.9485714285714286
15,0.9487179487179487
1,0.943342776203966
52,0.943502824858757
25,0.9491525423728814
30,0.9438202247191011
14,0.949438202247191
7,0.9495798319327731
30,0.9551820728291317
12,0.9553072625698324
19,0.9554317548746518
0,0.9555555555555556
36,0.9502762430939227
12,0.9558011049723757
117,0.9505494505494505
10,0.9453551912568307
23,0.9455040871934605
10,0.940379403794038
24,0.9353099730458221
20,0.9354838709677419
2,0.935656836461126
1,0.9358288770053476
8,0.9411764705882353
1,0.9361702127659575
1,0.9414893617021277
15,0.9468085106382979
9,0.9521276595744681
8,0.9574468085106383
13,0.9627659574468085
27,0.9628647214854111
16,0.9577836411609498
0,0.9578947368421052
3,0.9631578947368421
36,0.963254593175853
29,0.9633507853403142
28,0.9685863874345549
50,0.9635416666666666
3,0.9636363636363636
22,0.9637305699481865
28,0.9587628865979382
12,0.9538461538461539
11,0.9539641943734015
1,0.9540816326530612
4,0.9591836734693877
32,0.9592875318066157
8,0.9593908629441624
1,0.9644670050761421
9,0.9645569620253165
28,0.9696202531645569
51,0.964735516372796
4,0.9598997493734336
22,0.9551122194513716
3,0.9600997506234414
25,0.9601990049751243
28,0.9602977667493796
22,0.9652605459057072
3,0.9604938271604938
7,0.9557739557739557
22,0.9558823529411765
44,0.9559902200488998
13,0.9560975609756097
3,0.9562043795620438
22,0.9563106796116505
22,0.9564164648910412
4,0.9565217391304348
14,0.9566265060240964
0,0.9567307692307693
5,0.9568345323741008
24,0.9616306954436451
6,0.9617224880382775
20,0.9618138424821002
4,0.9572446555819477
16,0.957345971563981
13,0.9620853080568721
17,0.9621749408983451
19,0.966903073286052
8,0.9623529411764706
24,0.9578454332552693
16,0.9625292740046838
3,0.9626168224299065
41,0.958139534883721
10,0.9537037037037037
17,0.9583333333333334
11,0.9539170506912442
1,0.9540229885057471
6,0.9586206896551724
1,0.9587155963302753
6,0.963302752293578
14,0.9633867276887872
28,0.9634703196347032
19,0.9635535307517085
17,0.9681093394077449
15,0.9681818181818181
13,0.9638009049773756
24,0.9683257918552036
9,0.963963963963964
1,0.9640449438202248
27,0.959731543624161
31,0.955456570155902
30,0.9555555555555556
1,0.96
21,0.9644444444444444
12,0.9688888888888889
5,0.9733333333333334
11,0.9777777777777777
13,0.9734513274336283
17,0.9778761061946902
131,0.973568281938326
25,0.9736263736263736
5,0.9693654266958425
3,0.9651416122004357
34,0.9609544468546638
8,0.9568034557235421
21,0.9611231101511879
17,0.9654427645788337
6,0.9655172413793104
4,0.9655913978494624
9,0.9656652360515021
7,0.9657387580299786
0,0.9658119658119658
24,0.9700854700854701
14,0.9743589743589743
12,0.9744136460554371
7,0.9744680851063829
13,0.9745222929936306
8,0.9745762711864406
8,0.9704641350210971
9,0.9663865546218487
17,0.9664570230607966
2,0.9706498951781971
25,0.9707112970711297
11,0.9707724425887265
18,0.9667359667359667
10,0.9708939708939709
6,0.975051975051975
0,0.975103734439834
19,0.9751552795031055
15,0.979296066252588
12,0.9793388429752066
24,0.979381443298969
38,0.9753593429158111
2,0.9713701431492843
25,0.9754601226993865
3,0.9795501022494888
62,0.9755600814663951
14,0.975609756097561
29,0.97165991902834
15,0.9717171717171718
105,0.9678068410462777
14,0.9639278557114228
8,0.964
5,0.9601593625498008
1,0.9563492063492064
30,0.9564356435643564
6,0.9565217391304348
25,0.9604743083003953
15,0.9644268774703557
10,0.9644970414201184
14,0.9684418145956607
5,0.968503937007874
21,0.9685658153241651
9,0.9686274509803922
11,0.9686888454011742
2,0.96875
4,0.9688109161793372
34,0.9688715953307393
7,0.9651162790697675
5,0.965183752417795
8,0.9690522243713733
20,0.9691119691119691
32,0.9691714836223507
25,0.9692307692307692
36,0.9655172413793104
24,0.9655831739961759
20,0.9656488549618321
1,0.9694656488549618
14,0.9657794676806084
7,0.9621212121212122
1,0.9659090909090909
18,0.9659735349716446
14,0.9623352165725048
24,0.9624060150375939
7,0.9588014981273408
17,0.9625468164794008
4,0.9662921348314607
24,0.9626865671641791
9,0.9591078066914498
43,0.9555555555555556
10,0.9520295202952029
17,0.955719557195572
28,0.9558011049723757
15,0.9558823529411765
9,0.9523809523809523
17,0.948905109489051
24,0.9525547445255474
28,0.9562043795620438
30,0.9527272727272728
18,0.9563636363636364
2,0.96
159,0.9600725952813067
12,0.9566003616636528
45,0.9566787003610109
33,0.9567567567567568
29,0.9533213644524237
16,0.953405017921147
9,0.95
10,0.9500891265597148
6,0.9467140319715808
27,0.9502664298401421
16,0.9538188277087034
14,0.9539007092198581
6,0.950530035335689
8,0.9506172839506173
8,0.9541446208112875
43,0.9576719576719577
28,0.9577464788732394
14,0.9612676056338029
2,0.961335676625659
32,0.9648506151142355
28,0.968365553602812
17,0.9718804920913884
6,0.968476357267951
37,0.9685314685314685
16,0.9651567944250871
41,0.9652173913043478
6,0.9618717504332756
7,0.9619377162629758
8,0.9620034542314335
13,0.9620689655172414
4,0.9621342512908778
38,0.9655765920826161
13,0.9656357388316151
9,0.9690721649484536
33,0.9725085910652921
13,0.9725557461406518
28,0.9759862778730704
25,0.976027397260274
33,0.976068376068376
16,0.9794871794871794
2,0.9795221843003413
73,0.9761904761904762
2,0.9762308998302207
60,0.976271186440678
14,0.9796610169491525
10,0.9830508474576272
24,0.9797297297297297
18,0.9831081081081081
5,0.9797979797979798
22,0.9765100671140939
1,0.9765494137353434
1,0.9765886287625418
15,0.9766277128547579
56,0.9766666666666667
8,0.98
73,0.9767441860465116
9,0.9735099337748344
24,0.9702970297029703
15,0.9703459637561779
19,0.9671592775041051
65,0.9639934533551555
1,0.9608482871125612
24,0.964110929853181
61,0.9609756097560975
11,0.9578606158833063
8,0.9611021069692058
7,0.9643435980551054
26,0.9644012944983819
16,0.9644588045234249
5,0.964516129032258
32,0.964573268921095
23,0.9677938808373591
16,0.9678456591639871
60,0.9647435897435898
19,0.9616613418530351
10,0.9617224880382775
13,0.9617834394904459
5,0.9618441971383148
29,0.9619047619047619
25,0.9588607594936709
80,0.9558359621451105
20,0.9589905362776026
36,0.9559748427672956
3,0.9529780564263323
11,0.95
12,0.953125
30,0.953198127925117
19,0.9532710280373832
23,0.9503105590062112
10,0.9503875968992248
23,0.9504643962848297
33,0.9505409582689336
13,0.9476117103235747
42,0.9506933744221879
20,0.9507692307692308
26,0.9538461538461539
36,0.9539170506912442
6,0.9509954058192955
9,0.9510703363914373
2,0.948170731707317
45,0.9482496194824962
25,0.9512937595129376
21,0.9513677811550152
27,0.9514415781487102
27,0.9544764795144158
21,0.9575113808801214
4,0.9546142208774584
10,0.9546827794561934
17,0.9547511312217195
29,0.9577677224736049
10,0.9607843137254902
5,0.9638009049773756
29,0.963855421686747
0,0.9639097744360903
31,0.963963963963964
17,0.9610778443113772
17,0.9640718562874252
20,0.9670658682634731
9,0.9671150971599403
10,0.9642324888226528
28,0.9642857142857143
31,0.9643387815750372
28,0.9643916913946587
24,0.9644444444444444
2,0.9644970414201184
5,0.9674556213017751
28,0.9704142011834319
71,0.9704579025110783
54,0.9705014749262537
72,0.9705449189985272
22,0.9734904270986745
18,0.9706314243759178
50,0.973568281938326
37,0.9765051395007343
46,0.9765395894428153
48,0.9765739385065886
33,0.9737226277372263
6,0.9737609329446064
8,0.9709302325581395
17,0.9709724238026125
1,0.9710144927536232
29,0.9710564399421129
10,0.9682539682539683
36,0.9654676258992806
11,0.9626972740315638
11,0.9655667144906743
31,0.9684361549497847
49,0.9684813753581661
3,0.9657142857142857
9,0.9685714285714285
20,0.9658119658119658
108,0.9658605974395448
2,0.968705547652916
15,0.9659574468085106
35,0.9660056657223796
14,0.9688385269121813
17,0.9661016949152542
14,0.9661495063469676
9,0.9634317862165963
21,0.9662447257383966
6,0.9690576652601969
0,0.9691011235955056
14,0.9691444600280504
0,0.969187675070028
27,0.9692307692307692
62,0.9665271966527197
23,0.9638386648122392
23,0.9666203059805285
33,0.9694019471488178
21,0.9694444444444444
6,0.9722222222222222
14,0.9722607489597781
222,0.9695712309820194
18,0.9696132596685083
12,0.9696551724137931
1,0.9669876203576341
40,0.9697386519944979
19,0.9697802197802198
21,0.9671232876712329
1,0.9698630136986301
14,0.9699042407660738
7,0.9699453551912568
47,0.9699863574351978
2,0.9700272479564033
31,0.9700680272108844
14,0.970108695652174
30,0.9701492537313433
15,0.9701897018970189
46,0.9702300405953992
27,0.9702702702702702
69,0.972972972972973
93,0.9730094466936572
15,0.9730458221024259
5,0.9730820995962315
29,0.9731182795698925
8,0.9705093833780161
12,0.9731903485254692
3,0.9705882352941176
11,0.9706275033377837
25,0.9706666666666667
20,0.9733333333333334
7,0.976
17,0.9760319573901465
28,0.9786950732356857
11,0.9760956175298805
14,0.9735099337748344
4,0.9709379128137384
15,0.9709762532981531
2,0.9710144927536232
22,0.9710526315789474
15,0.9710906701708278
25,0.9711286089238845
24,0.9685863874345549
26,0.9686274509803922
1,0.9686684073107049
22,0.9712793733681462
33,0.9738903394255874
18,0.9713541666666666
3,0.9688311688311688
22,0.9714285714285714
28,0.9689119170984456
19,0.9715025906735751
112,0.9689922480620154
23,0.9664948453608248
20,0.9690721649484536
13,0.9716494845360825
6,0.9691516709511568
16,0.9691912708600771
33,0.9692307692307692
1,0.9717948717948718
16,0.971830985915493
24,0.9743918053777209
21,0.9769526248399488
15,0.9769820971867008
27,0.9744897959183674
6,0.9745222929936306
31,0.9770700636942675
14,0.9770992366412213
18,0.97712833545108
3,0.9746514575411914
32,0.9746835443037974
3,0.9772151898734177
16,0.979746835443038
26,0.9822784810126582
6,0.9797979797979798
50,0.9773299748110831
13,0.9798488664987406
27,0.9773869346733668
31,0.9774153074027604
10,0.9774436090225563
20,0.9799498746867168
25,0.9775
0,0.9775280898876404
19,0.9775561097256857
2,0.9751243781094527
33,0.9751552795031055
7,0.977639751552795
5,0.9752168525402726
21,0.9752475247524752
12,0.9777227722772277
21,0.9753086419753086
8,0.9777777777777777
81,0.9778051787916153
9,0.97539975399754
24,0.9754299754299754
37,0.9730392156862745
5,0.9706601466992665
16,0.9682926829268292
28,0.9659367396593674
1,0.9635922330097088
7,0.9660194174757282
13,0.9684466019417476
201,0.9684848484848485
29,0.9685230024213075
29,0.9709443099273608
21,0.9709794437726723
8,0.973397823458283
22,0.9734299516908212
39,0.9710843373493976
21,0.9711191335740073
24,0.9687875150060024
43,0.9688249400479616
12,0.9665071770334929
72,0.966547192353644
17,0.9665871121718377
28,0.966626936829559
8,0.9666666666666667
31,0.9643705463182898
11,0.9620853080568721
89,0.9598108747044918
39,0.9598583234946871
11,0.9599056603773585
32,0.9599528857479388
28,0.96
12,0.9623529411764706
24,0.9623971797884842
30,0.9647473560517039
30,0.9647887323943662
7,0.9648300117233294
38,0.9648711943793911
12,0.9672131147540983
9,0.9695550351288056
29,0.9718969555035128
17,0.9719298245614035
23,0.9719626168224299
28,0.9719953325554259
17,0.972027972027972
43,0.9720605355064028
37,0.9698025551684089
22,0.9698375870069605
20,0.9698725376593279
2,0.9676300578034682
37,0.9676674364896074
18,0.9677047289504037
29,0.967741935483871
18,0.9677790563866513
47,0.967816091954023
14,0.9701149425287356
2,0.9701492537313433
49,0.9701834862385321
5,0.9702176403207331
59,0.968
14,0.9657924743443558
18,0.9658314350797267
18,0.9681093394077449
9,0.9703872437357631
17,0.9704209328782708
25,0.9704545454545455
51,0.9682539682539683
4,0.9660633484162896
22,0.9661016949152542
5,0.9683615819209039
7,0.9661781285231116
120,0.9662162162162162
13,0.9684684684684685
9,0.9662921348314607
5,0.9663299663299664
11,0.9663677130044843
40,0.9664053751399776
32,0.9686450167973124
8,0.9686800894854586
12,0.970917225950783
49,0.9709497206703911
21,0.9731843575418995
6,0.9732142857142857
21,0.9732441471571907
27,0.9710789766407119
35,0.9711111111111111
37,0.9733333333333334
14,0.9711751662971175
12,0.9733924611973392
37,0.9712389380530974
24,0.9734513274336283
12,0.9713024282560706
44,0.9713340683572216
17,0.9713656387665198
18,0.9692307692307692
30,0.9671052631578947
16,0.9671412924424972
27,0.9650273224043716
46,0.9650655021834061
14,0.965103598691385
2,0.9630032644178455
40,0.9651795429815017
11,0.9673558215451578
19,0.969532100108814
51,0.9717083786724701
27,0.9717391304347827
33,0.9739130434782609
10,0.9739413680781759
40,0.9739696312364425
13,0.9718614718614719
23,0.974025974025974
148,0.9740540540540541
40,0.9740820734341252
8,0.9741100323624595
1,0.9741379310344828
17,0.9741657696447793
3,0.9741935483870968
23,0.9763440860215054
17,0.9763694951664876
5,0.9785177228786252
10,0.9764201500535906
12,0.9764453961456103
9,0.9764705882352941
27,0.9764957264957265
35,0.9786324786324786
25,0.9807692307692307
27,0.9829059829059829
122,0.9808102345415778
16,0.9787234042553191
21,0.9787460148777896
35,0.9808714133900106
43,0.9808917197452229
12,0.9830148619957537
41,0.9830328738069989
8,0.9809523809523809
10,0.9809725158562368
4,0.9789029535864979
44,0.9768421052631578
38,0.9747899159663865
5,0.974816369359916
25,0.9769150052465897
8,0.9769392033542977
4,0.9769633507853404
14,0.9769874476987448
6,0.9770114942528736
9,0.9791013584117032
39,0.9811912225705329
19,0.9812108559498957
113,0.9791666666666666
0,0.9791883454734651
9,0.9792099792099792
0,0.9792315680166147
98,0.979253112033195
66,0.9772256728778468
31,0.9772492244053774
153,0.9752321981424149
2,0.9732234809474768
20,0.9732510288065843
5,0.9753086419753086
32,0.977366255144033
17,0.9773895169578622
7,0.9774127310061602
53,0.9754098360655737
7,0.9754350051177073
44,0.9734422880490297
14,0.9714576962283384
11,0.9714867617107943
46,0.9715157680569685
149,0.9695431472081218
6,0.9695740365111561
23,0.9696048632218845
33,0.9696356275303644
33,0.9696663296258847
25,0.9696969696969697
33,0.9717171717171718
3,0.969758064516129
9,0.9717741935483871
13,0.9698189134808853
18,0.9698492462311558
22,0.9718592964824121
34,0.9699097291875627
16,0.969939879759519
17,0.96996996996997
0,0.97
18,0.9680638722554891
32,0.9661354581673307
16,0.9661691542288557
14,0.9662027833001988
42,0.9642857142857143
11,0.9623762376237623
26,0.9624134520276953
14,0.9643916913946587
24,0.9644268774703557
21,0.9644619940769991
169,0.9625615763546798
29,0.9625984251968503
36,0.9645669291338582
22,0.9665354330708661
4,0.9665683382497542
30,0.9666011787819253
13,0.9666339548577036
21,0.9647404505386875
40,0.9666993143976493
8,0.9667318982387475
43,0.9667644183773216
1,0.966796875
14,0.9649122807017544
43,0.9649464459591042
28,0.9668938656280428
49,0.9650145772594753
4,0.9650485436893204
26,0.9669902912621359
24,0.9670223084384093
4,0.9689621726479146
28,0.9709020368574199
10,0.9709302325581395
18,0.9728682170542635
46,0.9748062015503876
36,0.9748305905130688
16,0.9748549323017408
24,0.9748792270531401
2,0.9729990356798457
10,0.9730250481695568
34,0.9749518304431599
0,0.9749759384023099
9,0.975
42,0.9750240153698367
35,0.9750479846449136
10,0.9731800766283525
40,0.97131931166348
20,0.9732313575525813
3,0.9732569245463228
22,0.9732824427480916
4,0.9733079122974261
35,0.9752144899904671
48,0.9771210676835081
149,0.9752616555661275
36,0.9752851711026616
22,0.9753086419753086
36,0.9753320683111955
5,0.9734848484848485
1,0.9735099337748344
33,0.9716713881019831
36,0.9716981132075472
13,0.9735849056603774
8,0.9736098020735156
137,0.9717779868297272
81,0.9699530516431925
30,0.9699812382739212
3,0.9718574108818011
45,0.9737335834896811
10,0.9737582005623243
29,0.9719363891487371
19,0.9719626168224299
18,0.9738317757009346
34,0.9738562091503268
44,0.9738805970149254
0,0.9739049394221808
13,0.9739292364990689
20,0.9739534883720931
4,0.9739776951672863
85,0.9740018570102136
29,0.974025974025974
17,0.9722222222222222
25,0.9740740740740741
11,0.9722735674676525
0,0.9722991689750693
41,0.9723247232472325
75,0.9723502304147466
14,0.9723756906077348
20,0.9705882352941176
25,0.970615243342516
16,0.9706422018348624
42,0.9688644688644689
8,0.9670932358318098
12,0.9671232876712329
25,0.9689497716894977
50,0.968978102189781
20,0.9672131147540983
31,0.9690346083788707
24,0.9690627843494085
19,0.9708826205641492
5,0.9727024567788899
2,0.9727272727272728
16,0.9709618874773139
34,0.970988213961922
7,0.9692307692307692
17,0.9710407239819004
96,0.9710669077757685
16,0.971093044263776
53,0.9728997289972899
11,0.9711451758340848
37,0.9711711711711711
12,0.9711971197119712
22,0.9694519317160827
53,0.9694793536804309
4,0.9712746858168761
2,0.9713004484304932
1,0.9713261648745519
31,0.9731182795698925
35,0.974910394265233
54,0.9749328558639212
46,0.9767233661593554
29,0.9767441860465116
38,0.9767649687220733
1,0.9767857142857143
28,0.9785714285714285
19,0.9768270944741533
13,0.9768477292965272
23,0.9768683274021353
47,0.9768888888888889
68,0.9769094138543517
18,0.976929902395741
2,0.9769503546099291
25,0.9752212389380531
8,0.9752431476569408
49,0.9770114942528736
121,0.9770318021201413
27,0.9770520741394528
15,0.9770723104056437
2,0.9753521126760564
31,0.9753737906772207
29,0.9753954305799648
11,0.9771528998242531
72,0.9771729587357331
90,0.9754601226993865
7,0.9754816112084063
17,0.9737762237762237
44,0.9755244755244755
1,0.9738219895287958
6,0.9755671902268761
11,0.9755884917175239
22,0.975609756097561
2,0.9773519163763066
5,0.9790940766550522
87,0.9773913043478261
33,0.9774109470026064
8,0.9757155247181266
29,0.975736568457539
17,0.9757575757575757
14,0.9740708729472775
0,0.9740932642487047
19,0.9741156169111302
4,0.9724375538329026
26,0.9724612736660929
22,0.9724849527085124
10,0.9742046431642304
13,0.9742268041237113
47,0.9725557461406518
17,0.9725792630676949
61,0.9726027397260274
38,0.9743150684931506
4,0.976027397260274
13,0.9760479041916168
23,0.976068376068376
28,0.9760888129803587
3,0.9761092150170648
21,0.9744463373083475
1,0.9744680851063829
62,0.9761702127659575
53,0.977872340425532
36,0.9795744680851064
61,0.9795918367346939
28,0.9812925170068028
90,0.9796264855687606
51,0.9796437659033079
23,0.9796610169491525
2,0.9813559322033898
15,0.9813717188823031
32,0.9813874788494078
8,0.9830795262267343
87,0.981418918918919
54,0.9814345991561182
35,0.9814502529510961
25,0.9814658803706824
36,0.9798149705634988
69,0.9781696053736356
23,0.9781879194630873
7,0.9798657718120806
19,0.9782244556113903
12,0.9782426778242678
18,0.9766081871345029
60,0.9749791492910759
26,0.975
9,0.9766666666666667
28,0.9766860949208993
16,0.9750623441396509
7,0.9750830564784053
101,0.9734660033167496
18,0.9718543046357616
39,0.9702479338842975
0,0.9702725020644096
2,0.9686727122835944
73,0.9670781893004116
9,0.9671052631578947
44,0.9671322925225966
6,0.9671592775041051
42,0.9671862182116489
6,0.9688269073010665
6,0.970467596390484
14,0.9704918032786886
7,0.9689034369885434
20,0.9705400981996727
34,0.972176759410802
14,0.9705882352941176
47,0.9706122448979592
56,0.9706362153344209
101,0.9706601466992665
2,0.9706840390879479
5,0.9723127035830619
37,0.9739413680781759
29,0.9739625711960944
33,0.9739837398373984
24,0.975609756097561
27,0.9772357723577236
14,0.9788617886178862
3,0.9772727272727273
64,0.9756888168557536
52,0.9773095623987034
29,0.977327935222672
11,0.9757477768795473
7,0.9741727199354318
50,0.9757869249394673
6,0.9758064516129032
4,0.975825946817083
2,0.9742558326629123
8,0.9726907630522088
22,0.97429718875502
22,0.9759036144578314
65,0.9775100401606426
17,0.9759422614274258
13,0.9759615384615384
4,0.9744
17,0.9744204636290967
38,0.9760191846522782
47,0.9760383386581469
62,0.9760574620909817
16,0.9760765550239234
94,0.9760956175298805
11,0.9761146496815286
130,0.9761336515513126
10,0.9745830023828436
52,0.9746031746031746
17,0.9730586370839936
70,0.9746434231378764
47,0.9746634996041171
13,0.9731225296442688
21,0.9731437598736177
25,0.9747235387045814
21,0.973186119873817
69,0.9747634069400631
14,0.9763406940063092
55,0.9763593380614657
16,0.974822974036192
78,0.97639653815893
23,0.9748625294579732
21,0.9748822605965463
71,0.9749019607843137
5,0.9764705882352941
5,0.9764890282131662
8,0.9780564263322884
14,0.9765258215962441
14,0.975
28,0.9734789391575663
20,0.9734996102883866
41,0.9735202492211839
25,0.9750778816199377
39,0.973561430793157
6,0.9751166407465007
14,0.9766718506998445
33,0.9766899766899767
19,0.9751745539177658
39,0.9751937984496124
43,0.9736842105263158
14,0.9721792890262752
63,0.973724884080371
50,0.9752704791344667
194,0.9737654320987654
29,0.9753086419753086
5,0.9753276792598303
120,0.9738260200153964
66,0.9738461538461538
18,0.9723502304147466
24,0.9708588957055214
5,0.9723926380368099
53,0.9724137931034482
15,0.9724349157733537
99,0.9709480122324159
5,0.9724770642201835
36,0.972498090145149
23,0.9725190839694656
31,0.9725400457665904
1,0.9725609756097561
8,0.9740853658536586
37,0.9741051028179741
9,0.974124809741248
9,0.9726443768996961
30,0.9711684370257967
68,0.9726858877086495
26,0.9727065959059894
33,0.9727272727272728
14,0.9712556732223904
77,0.9712773998488284
184,0.9712990936555891
104,0.9698340874811463
48,0.971342383107089
50,0.9728506787330317
5,0.9743589743589743
62,0.975867269984917
14,0.975885455915599
52,0.9744168547780286
181,0.9729526671675433
8,0.972972972972973
36,0.9744744744744744
47,0.9744936234058514
18,0.9759939984996249
18,0.9760119940029985
3,0.9745508982035929
7,0.9745699326851159
115,0.9731142643764003
33,0.9746079163554892
78,0.9746268656716418
4,0.9761194029850746
6,0.9761372110365399
5,0.9746835443037974
6,0.9761727475800447
18,0.9747211895910781
44,0.974739970282318
46,0.9747587230883444
20,0.9762435040831478
20,0.9762611275964391
17,0.9777448071216617
62,0.977761304670126
53,0.9792438843587843
4,0.9807264640474426
13,0.9792746113989638
20,0.9778270509977827
72,0.9778434268833087
14,0.977859778597786
38,0.9778761061946902
79,0.9778924097273397
78,0.9779086892488954
1,0.9764705882352941
130,0.9764878765613519
79,0.9765051395007343
33,0.9765223771093177
11,0.9750915750915751
25,0.9751098096632503
128,0.9751280175566935
3,0.9737034331628927
31,0.9722830051057623
79,0.9723032069970845
7,0.9737609329446064
141,0.9723435225618632
9,0.9709302325581395
2,0.9709513435003632
15,0.9724037763253449
58,0.9738562091503268
62,0.9738751814223512
24,0.9738941261783901
28,0.9724837074583635
15,0.9710773680404917
24,0.9725234996384671
51,0.9725433526011561
38,0.9725631768953069
32,0.9711607786589762
56,0.9697624190064795
7,0.9683680805176133
28,0.9669777458722182
16,0.9655913978494624
10,0.9670250896057347
25,0.9684587813620071
23,0.9698924731182795
4,0.968503937007874
21,0.9685264663805436
38,0.9685489635453896
2,0.9685714285714285
22,0.97
4,0.9700214132762313
18,0.9700427960057061
16,0.970064148253742
30,0.9700854700854701
16,0.9715099715099715
24,0.9715302491103203
17,0.9715504978662873
14,0.9715707178393745
28,0.9729921819474058
66,0.9730113636363636
10,0.9730305180979418
1,0.9716513111268604
7,0.9730687455705174
23,0.9730878186968839
121,0.9717114568599717
9,0.9717314487632509
14,0.9731448763250884
24,0.9731638418079096
68,0.9745762711864406
74,0.9759887005649718
47,0.9774011299435028
26,0.9788135593220338
11,0.980225988700565
61,0.9802399435426958
0,0.9802538787023978
13,0.9788732394366197
54,0.9788881069669247
66,0.9789029535864979
11,0.9775280898876404
33,0.9761570827489481
25,0.9761737911702874
37,0.9748075577326802
68,0.9748251748251748
75,0.9762237762237762
47,0.976240391334731
26,0.9762569832402235
39,0.9776536312849162
16,0.9762900976290098
2,0.9763066202090592
12,0.9777003484320558
6,0.9777158774373259
12,0.979108635097493
51,0.9791231732776617
41,0.9777623349548298
5,0.9777777777777777
69,0.9791666666666666
35,0.9791811242192922
36,0.9778239778239778
14,0.9778393351800554
36,0.9792243767313019
2,0.9778699861687413
28,0.9778852798894264
28,0.9779005524861878
37,0.9779158040027606
43,0.9765678842177808
14,0.9765840220385675
55,0.977961432506887
43,0.9779766001376462
27,0.9766323024054983
24,0.9766483516483516
29,0.9766643788606726
6,0.9753255654557916
2,0.9766963673749143
11,0.9753593429158111
28,0.974025974025974
2,0.9740437158469946
9,0.974061433447099
19,0.9740791268758526
17,0.975443383356071
7,0.9754601226993865
4,0.9754768392370572
42,0.9741496598639455
44,0.9741672331747111
15,0.9728445349626612
2,0.9742023082145281
2,0.9728813559322034
137,0.9728997289972899
62,0.9742547425474255
5,0.974272173324306
47,0.9742895805142084
55,0.9756427604871448
16,0.9769959404600812
38,0.9756756756756757
18,0.9756920999324781
6,0.9770425388251182
24,0.9783929777177582
43,0.9797434166103984
19,0.978422117329737
30,0.9784366576819407
52,0.9784511784511785
35,0.9784656796769852
111,0.9771505376344086
7,0.977165883143049
3,0.9771812080536912
6,0.9758713136729222
22,0.9758874748827864
15,0.9759036144578314
72,0.9759197324414716
50,0.9772575250836121
57,0.9785953177257525
142,0.9786096256684492
51,0.9799465240641712
26,0.9786381842456608
33,0.9786524349566378
10,0.9786666666666667
16,0.9773635153129161
36,0.9773785761809713
18,0.9773936170212766
51,0.9760956175298805
38,0.9774236387782205
8,0.9774386197743862
85,0.9787657597876576
7,0.9787798408488063
21,0.9787939032471835
26,0.9788079470198675
56,0.9788219722038385
121,0.9788359788359788
110,0.9788499669530734
27,0.9801718440185063
41,0.9788778877887789
11,0.978891820580475
36,0.978905735003296
43,0.9789196310935442
41,0.9789335088874259
14,0.9789473684210527
50,0.9789612097304405
72,0.9776756401838477
1,0.9776902887139107
22,0.9777049180327869
42,0.9777195281782438
11,0.9777341191879503
25,0.9777486910994765
11,0.9764705882352941
75,0.976485956890921
87,0.9777922926192031
13,0.9790986283474853
21,0.97911227154047
1,0.9791258969341161
67,0.9778501628664495
64,0.9778645833333334
76,0.9791666666666666
6,0.9778933680104032
46,0.9779077322936972
11,0.977922077922078
71,0.9766536964980544
8,0.9753886010362695
43,0.9754045307443365
8,0.9766990291262136
40,0.9767141009055628
95,0.9767291531997414
20,0.978021978021978
59,0.9767591994835377
0,0.9767741935483871
18,0.97678916827853
9,0.9768041237113402
14,0.9768190598840953
31,0.9768339768339769
50,0.9781209781209781
19,0.9768637532133676
6,0.976878612716763
44,0.9768934531450578
22,0.9756410256410256
4,0.9756566303651505
9,0.9756722151088348
3,0.9756877799104287
14,0.9769673704414588
28,0.9757188498402556
3,0.9744735162731334
53,0.9732313575525813
10,0.9732484076433121
58,0.9745222929936306
22,0.9745385105028644
45,0.9758115849777212
0,0.9758269720101781
2,0.974587039390089
55,0.9746031746031746
32,0.9746192893401016
11,0.9758883248730964
101,0.9746514575411914
3,0.9746675110829639
23,0.9734345351043643
36,0.9734513274336283
1,0.9747155499367889
16,0.9747315224257739
4,0.9747474747474747
81,0.9747634069400631
53,0.9747793190416141
49,0.9760403530895334
18,0.9760554505356017
12,0.974826935179358
33,0.9736015084852294
0,0.9736180904522613
7,0.9736346516007532
23,0.973651191969887
32,0.9749058971141782
5,0.9749216300940439
30,0.9737006887914841
2,0.9737171464330413
167,0.9737335834896811
19,0.97375
68,0.9737663960024985
27,0.9737827715355806
5,0.9750312109862672
201,0.9750467872738615
60,0.9762944479101684
82,0.9775421085464754
130,0.9775561097256857
70,0.9775700934579439
41,0.9788161993769471
43,0.9775980087118855
12,0.9776119402985075
57,0.9763975155279503
66,0.9764121663563005
35,0.9764267990074442
3,0.9764414135151891
4,0.976456009913259
7,0.9776951672862454
68,0.9777089783281734
89,0.9789473684210527
207,0.9789603960396039
15,0.9777503090234858
7,0.9789864029666254
22,0.9802224969097652
72,0.9802347127856702
26,0.9790252930289944
101,0.9790382244143033
19,0.9790511398644486
10,0.9802834257547751
44,0.9815157116451017
74,0.9815270935960592
34,0.9815384615384616
83,0.981549815498155
20,0.9815611555009219
43,0.9803560466543892
27,0.9803680981595092
240,0.9803801348865726
41,0.9791794243723209
25,0.9791921664626683
60,0.9792048929663608
0,0.9792176039119804
7,0.9792302993280391
3,0.9792429792429792
78,0.9804639804639804
24,0.9792682926829268
12,0.9780755176613886
49,0.9792935444579781
6,0.9793061472915399
79,0.9781155015197568
17,0.9793313069908814
81,0.9793438639125152
1,0.9793564055859137
10,0.9793689320388349
78,0.9805825242718447
64,0.9805942995755003
1,0.9794064203513022
2,0.9806178073894609
15,0.9818291944276196
65,0.9818401937046005
0,0.9818511796733213
28,0.9806646525679759
18,0.9794809897404949
147,0.9794933655006032
35,0.9795057263411694
41,0.9783263094521373
8,0.9783393501805054
9,0.9771634615384616
14,0.9759903961584634
21,0.9771908763505402
21,0.978391356542617
4,0.9784043191361728
11,0.9784172661870504
39,0.9784301977231875
86,0.9796285200718994
13,0.9784560143626571
1,0.9784688995215312
26,0.9796650717703349
32,0.9808612440191388
11,0.9820574162679426
35,0.9832535885167464
10,0.9844497607655502
30,0.9844590555887627
7,0.9832835820895522
28,0.9832935560859188
23,0.9833035181872392
8,0.9821322215604527
65,0.9821428571428571
19,0.982153480071386
36,0.9821640903686087
18,0.982174688057041
18,0.9810089020771513
6,0.9810201660735468
7,0.9798578199052133
7,0.981042654028436
0,0.9810538780343399
4,0.9810650887573964
13,0.9822485207100592
15,0.9822590183323477
33,0.9822695035460993
213,0.9822799763733018
62,0.9811209439528024
272,0.9799646434885091
76,0.9799764428739693
15,0.9788235294117648
28,0.9776733254994124
44,0.9776864357017029
297,0.9776995305164319
9,0.9777126099706744
1,0.977725674091442
37,0.9777387229056825
80,0.977751756440281
39,0.9789227166276346
2,0.9789350497366881
9,0.9789473684210527
50,0.9789596727060199
78,0.9789719626168224
15,0.9801401869158879
220,0.9789964994165694
21,0.9790087463556851
94,0.9790209790209791
128,0.9778812572759022
18,0.9778941244909831
1,0.977906976744186
10,0.9779198140615921
58,0.9779326364692218
167,0.9767981438515081
91,0.9768115942028985
9,0.9768250289687138
16,0.9768384481760278
37,0.9768518518518519
10,0.9768652400231348
22,0.976878612716763
2,0.9780346820809248
171,0.976905311778291
97,0.9757785467128027
13,0.9746543778801844
34,0.9758064516129032
2,0.9769585253456221
4,0.9769717904432931
44,0.9769850402761795
176,0.9758620689655172
0,0.9758759333716255
58,0.9747561675272519
2,0.9736389684813753
21,0.9736540664375716
27,0.9736691471093303
220,0.9736842105263158
43,0.9725714285714285
8,0.9737142857142858
52,0.9737292975442604
8,0.9726183685111238
201,0.9715099715099715
27,0.9715261958997722
6,0.9726651480637813
10,0.9726807057484348
236,0.9715747583854463
212,0.9704713231118682
31,0.9704880817253121
82,0.970504821327283
2,0.9705215419501134
217,0.9694224235560589
3,0.9683257918552036
11,0.9694570135746606
88,0.9683615819209039
223,0.9683794466403162
107,0.9683972911963883
23,0.9695259593679458
72,0.9695431472081218
12,0.9695603156708005
51,0.9684684684684685
28,0.9684862127180641
10,0.968503937007874
13,0.96962879640045
83,0.96964586846543
103,0.9696629213483146
77,0.9685746352413019
7,0.968592260235558
39,0.968609865470852
56,0.9686274509803922
2,0.9686450167973124
30,0.9686625629546727
11,0.9686800894854586
22,0.9697986577181208
2,0.970917225950783
110,0.970933482392398
146,0.9698492462311558
2,0.9698660714285714
43,0.9687848383500557
202,0.967706013363029
11,0.9677239844184753
28,0.967741935483871
106,0.9666666666666667
25,0.9666851749028318
7,0.9667036625971143
9,0.9667221297836939
20,0.9667405764966741
23,0.9667590027700831
24,0.965688987271721
84,0.9657079646017699
115,0.9657269209508016
2,0.9657458563535911
2,0.9657647708448371
74,0.9668691330756488
14,0.9668874172185431
153,0.9658213891951488
7,0.9669239250275634
53,0.9658590308370044
116,0.9647964796479648
56,0.9648158328752061
109,0.965915338097856
16,0.9659340659340659
1,0.964873765093304
159,0.9648930334613275
34,0.9649122807017544
32,0.963855421686747
22,0.9638752052545156
119,0.9638949671772429
13,0.9649890590809628
31,0.9660831509846827
30,0.9650273224043716
66,0.966120218579235
26,0.9672131147540983
34,0.9672310212998362
8,0.9672489082969432
64,0.9661941112322792
96,0.9662125340599454
15,0.965160587915079
38,0.9662493195427327
52,0.9662676822633297
60,0.9652173913043478
8,0.966304347826087
98,0.967391304347826
93,0.9663409337676439
74,0.96529284164859
26,0.9653116531165311
9,0.9653304442036836
45,0.9653492149431511
45,0.9653679653679653
82,0.9643243243243244
40,0.9643435980551054
46,0.9643628509719222
42,0.9643820831084727
14,0.9644012944983819
36,0.9644204851752022
6,0.9633817985998923
12,0.9634015069967707
11,0.9644779332615716
2,0.9644970414201184
129,0.9655728886498117
14,0.9655913978494624
36,0.9666666666666667
80,0.967741935483871
6,0.9677592692101021
66,0.9667203435319377
10,0.9667381974248928
30,0.9667560321715818
45,0.9667738478027867
2,0.9667916443492234
10,0.9668094218415417
27,0.9678800856531049
97,0.9678972712680578
42,0.9679144385026738
51,0.9668803418803419
6,0.9668980245595301
4,0.9669156883671292
184,0.9658848614072495
13,0.9659030367607885
38,0.9659211927582535
62,0.966986155484558
8,0.9670037253858436
119,0.9659755449229134
56,0.9649495485926712
30,0.9639257294429708
6,0.9639448568398727
8,0.963963963963964
5,0.9639830508474576
29,0.965042372881356
67,0.9661016949152542
36,0.9661196400211752
25,0.9661375661375662
57,0.9661554732945531
19,0.9661733615221987
33,0.9651531151003168
59,0.9662090813093981
46,0.9662269129287598
89,0.9662447257383966
169,0.9672995780590717
107,0.9662802950474183
49,0.9673340358271865
55,0.9683877766069547
20,0.9673684210526315
48,0.9673855865334035
17,0.9684376643871646
12,0.9674198633736206
0,0.967436974789916
39,0.9674540682414698
39,0.9674711437565582
60,0.968520461699895
20,0.9685369690613529
59,0.9675222629649031
64,0.9675392670157068
136,0.967556253270539
1,0.9675732217573222
39,0.9686192468619247
33,0.9696652719665272
33,0.9707112970711297
33,0.970726607422896
91,0.9717720857292211
28,0.970757180156658
44,0.9707724425887265
28,0.9707876890975482
32,0.9708029197080292
38,0.9718456725755996
28,0.9718603439291298
117,0.971875
35,0.9729166666666667
32,0.9739583333333334
9,0.973971889640812
37,0.9739854318418314
139,0.9750260145681582
205,0.9760665972944849
166,0.9760790431617264
35,0.9760914760914761
32,0.9771309771309772
42,0.9771428571428571
18,0.9771547248182763
152,0.9771665801764401
26,0.9782044628956927
128,0.9771902540176257
0,0.9772020725388602
45,0.9772138788192646
41,0.9782496116002072
18,0.9782608695652174
16,0.9772492244053774
5,0.9762396694214877
29,0.9762519359834796
37,0.977284460505937
25,0.977296181630547
38,0.978328173374613
24,0.9783393501805054
14,0.9783505154639175
20,0.979381443298969
12,0.9783728115345005
43,0.9783839423571796
48,0.9783950617283951
5,0.9773895169578622
29,0.9774011299435028
12,0.9763981528989225
12,0.9753972321886212
17,0.9764223475140953
182,0.9774474628395694
10,0.9764464925755248
43,0.9774705581157194
68,0.9764705882352941
56,0.9774936061381074
29,0.9764946346448646
44,0.9754977029096478
62,0.9765186319550792
3,0.9775395610005104
146,0.9785604900459418
4,0.9785714285714285
5,0.9795918367346939
40,0.9796022437531872
23,0.9806221315655278
56,0.9806320081549439
72,0.9806418746816098
33,0.9816607233825777
22,0.9816700610997964
37,0.981679389312977
0,0.9816887080366226
24,0.9816980172852059
7,0.9817073170731707
39,0.9807106598984772
112,0.9817258883248731
25,0.9807302231237323
24,0.9807399898631526
2,0.9807497467071935
42,0.9817629179331308
18,0.9817721518987341
35,0.9817813765182186
27,0.980788675429727
33,0.9807983830217282
12,0.9808080808080808
39,0.9798183652875883
13,0.9798285426122038
13,0.9798387096774194
170,0.9798488664987406
57,0.9808564231738035
5,0.9808660624370594
78,0.9818731117824774
14,0.9828801611278952
19,0.9828887770508304
32,0.9819004524886877
94,0.9809141135107986
53,0.9809236947791165
44,0.9799398194583752
17,0.9809428284854563
7,0.9809523809523809
143,0.9799699549323986
6,0.9809714571857787
88,0.980980980980981
22,0.98
25,0.9800099950024987
79,0.9810094952523738
29,0.981018981018981
40,0.981028457314029
28,0.9800498753117207
9,0.9810473815461347
86,0.9810568295114656
62,0.9810662680617838
48,0.9810756972111554
26,0.9820717131474104
30,0.982080637132902
98,0.9811039283938339
27,0.9801291604570294
81,0.9801390268123138
15,0.9801488833746899
44,0.9791769955379276
100,0.979187314172448
44,0.9782178217821782
11,0.9792079207920792
15,0.9792182088075211
94,0.9802078179119248
55,0.9802176063303659
35,0.9802273850716757
12,0.9792592592592593
59,0.9792694965449161
32,0.9802566633761106
14,0.9802664035520473
17,0.980276134122288
5,0.9802858551010349
23,0.9793205317577548
51,0.9793307086614174
1,0.9803149606299213
8,0.9812992125984252
93,0.9813084112149533
10,0.9813176007866273
2,0.9823008849557522
30,0.9823095823095823
29,0.9823182711198428
11,0.9823269513991163
35,0.9823356231599607
98,0.9813725490196078
17,0.980411361410382
29,0.9804209495839452
99,0.9804305283757339
71,0.9814090019569471
18,0.9814180929095354
4,0.9814271749755621
1,0.9824046920821115
10,0.9824132877381534
8,0.982421875
1,0.9824304538799414
36,0.9824390243902439
101,0.9834146341463414
14,0.9824561403508771
4,0.9834307992202729
51,0.9834388699464198
17,0.9834469328140214
13,0.9834549878345499
95,0.9844282238442822
32,0.9844357976653697
74,0.9844433641225085
8,0.9854156538648517
42,0.9844584749878582
35,0.9844660194174757
50,0.9844735565259582
75,0.9844810863239574
90,0.9844886088221038
49,0.9844961240310077
95,0.9835430784123911
58,0.9835510401548138
5,0.9835589941972921
17,0.9826086956521739
1,0.9826170931916949
39,0.9826254826254827
44,0.9826338639652678
89,0.982642237222758
61,0.9826506024096385
13,0.9817043813192105
49,0.9817131857555341
69,0.9807692307692307
40,0.9807784718885152
49,0.9798367738838214
1,0.9798464491362764
51,0.9789069990412272
1,0.9789171058936272
9,0.9789272030651341
35,0.9798850574712644
70,0.9798946864528483
16,0.9808520823360459
179,0.9799139167862266
6,0.9808703969392635
9,0.9818268770923003
14,0.9818355640535373
31,0.9808978032473734
71,0.9809069212410502
69,0.9809160305343512
17,0.9809251311397235
22,0.9799904716531682
120,0.9809433063363506
133,0.980009519276535
6,0.9790775083214456
1,0.9790874524714829
22,0.9790973871733967
2,0.9781680113906027
49,0.9791172282866635
10,0.9800664451827242
16,0.9800759013282733
8,0.9791469194312796
36,0.978219696969697
48,0.9782300047326077
3,0.9773049645390071
95,0.9773156899810964
52,0.9782608695652174
53,0.9782711384034011
3,0.9782813975448537
71,0.9782916470033034
39,0.9783018867924528
16,0.9773798303487277
8,0.9773904851625059
42,0.9783325482807348
25,0.9774117647058823
19,0.9774223894637818
62,0.9774330042313117
26,0.9765147956787225
60,0.9774542038515736
24,0.9774647887323944
3,0.9774753636790239
99,0.9774859287054409
34,0.9765698219306467
30,0.9765807962529274
62,0.9775175644028103
17,0.9775280898876404
63,0.9775386055217595
27,0.9775491113189897
3,0.9784845650140318
32,0.9775700934579439
4,0.976657329598506
10,0.9775910364145658
13,0.9785247432306255
99,0.9785347643490434
29,0.9785447761194029
31,0.9785547785547786
100,0.97856477166822
46,0.9785747554727526
9,0.9795062878435026
118,0.9795158286778398
45,0.9786046511627907
99,0.9786145978614598
5,0.9786245353159851
50,0.9795539033457249
27,0.9795633999071064
22,0.9786542923433875
44,0.9777468706536857
61,0.9777571825764597
57,0.9777674849467346
38,0.9786938397406206
63,0.9796201945345067
114,0.9796296296296296
122,0.979639055992596
27,0.9805645534474781
34,0.9805735430157262
14,0.9805825242718447
99,0.9805914972273567
29,0.9806004618937645
158,0.9806094182825484
41,0.9806183664051684
101,0.9815413013382557
18,0.981549815498155
6,0.9806451612903225
17,0.9815668202764977
2,0.9806629834254144
12,0.9797608095676172
110,0.9806807727690893
5,0.9806896551724138
113,0.9806985294117647
83,0.9797979797979798
25,0.9798072510325837
87,0.9789087574507107
22,0.9789184234647113
20,0.978021978021978
22,0.9771271729185728
76,0.9762340036563071
90,0.9762448606669712
7,0.9771585198720877
77,0.9780721790772042
28,0.9780821917808219
90,0.9789954337899544
17,0.9781021897810219
1,0.9781121751025992
8,0.9772209567198178
22,0.9763313609467456
21,0.9772416932180246
48,0.9772520473157416
155,0.9763636363636363
58,0.9772727272727273
87,0.9772830531576556
21,0.9781917310313494
76,0.9782016348773842
21,0.9782115297321834
112,0.9791193826600091
25,0.9791288566243194
44,0.9782411604714415
56,0.9791477787851315
114,0.9791572270049841
5,0.9791666666666666
55,0.9791760977818017
3,0.9800814848347669
104,0.9800904977375565
10,0.9792043399638336
16,0.9801084990958409
44,0.979223125564589
5,0.9792325056433409
30,0.980135440180587
78,0.98014440433213
73,0.9810469314079422
25,0.9810554803788903
28,0.981957600360848
74,0.981965734896303
6,0.9819738621000451
11,0.9819819819819819
1,0.9819900945520036
5,0.9811066126855601
33,0.9811151079136691
6,0.981123595505618
52,0.9811320754716981
97,0.9820305480682839
120,0.9820386169735069
55,0.9811574697173621
25,0.9802779022859704
165,0.9793999104343932
15,0.9794091316025068
10,0.9794183445190157
111,0.9803131991051454
33,0.9794367456414841
12,0.9794459338695264
7,0.9794551138901295
75,0.9794642857142857
11,0.9785905441570026
40,0.9794826048171276
16,0.9786096256684492
33,0.9795008912655971
46,0.9795100222717149
63,0.9804008908685968
6,0.9804096170970614
31,0.9795373665480427
15,0.9795464650955981
13,0.9795555555555555
70,0.9786856127886323
24,0.9786950732356857
132,0.9778270509977827
130,0.9778368794326241
93,0.9778466991581746
26,0.9769809650287737
27,0.9769911504424779
27,0.9778761061946902
40,0.9778858911985847
85,0.97789566755084
89,0.9787798408488063
9,0.9796640141467727
15,0.9787985865724381
9,0.9796819787985865
38,0.9796909492273731
31,0.9796999117387467
82,0.9805825242718447
55,0.9805910895456551
26,0.9805996472663139
38,0.9806081974438079
42,0.9797446059004844
1,0.9797535211267606
33,0.9806338028169014
8,0.9806423229212494
70,0.98152221733392
21,0.9815303430079155
65,0.9815384615384616
22,0.9824175824175824
13,0.9824253075571178
5,0.9824330259112868
23,0.9815708644142168
32,0.9824484422992541
121,0.981587023235423
49,0.9815950920245399
30,0.9816031537450722
10,0.9816112084063048
33,0.9816192560175054
18,0.9807608220376038
74,0.9799038881607689
61,0.9790484504583151
10,0.9799214316892186
99,0.9799301919720768
69,0.9799389446140427
40,0.9790849673202614
95,0.9790940766550522
11,0.9791031780583369
12,0.97911227154047
47,0.9782608695652174
11,0.9782703172533681
116,0.9782797567332754
15,0.9774305555555556
63,0.9774403470715836
76,0.9774501300954033
41,0.9783174327840416
3,0.9783268313827481
92,0.9791937581274383
42,0.9792027729636048
19,0.9792117799913382
21,0.9800779558250324
14,0.9800865800865801
84,0.9800951968844656
43,0.9801038062283737
42,0.9801124081279723
105,0.9801210025929127
7,0.9801295896328294
15,0.9809935205183585
112,0.9801467414760466
29,0.9793014230271668
50,0.97845756139595
17,0.9776151528196297
4,0.9784761084804132
35,0.9793370641411967
8,0.9793459552495697
95,0.9793548387096774
80,0.9793637145313844
7,0.9802235597592434
56,0.9802320584443489
178,0.9793902962644911
42,0.9785499785499786
27,0.9777111015859409
29,0.9777206512425022
98,0.9777301927194861
86,0.9785867237687366
134,0.978595890410959
3,0.9777587681779298
88,0.9777682770414707
6,0.9777777777777777
105,0.9786324786324786
101,0.9786416061512174
60,0.9778062313273581
31,0.9769722814498933
53,0.9769820971867008
3,0.9778346121057119
50,0.9770017035775128
42,0.9770114942528736
75,0.9770212765957447
22,0.977872340425532
17,0.9770408163265306
10,0.9770505737356566
3,0.9770603228547153
15,0.9779099405267629
66,0.9779193205944798
29,0.9779286926994907
103,0.9779380568519305
51,0.9779474130619169
17,0.9779567613395507
43,0.9788045782111064
8,0.9779754341380771
5,0.9779847586790855
17,0.9779940753279729
67,0.9780033840947546
49,0.9771766694843618
74,0.978021978021978
8,0.9788672865595942
75,0.9797125950972105
26,0.9797211660329531
1,0.9788940481215703
1,0.9797382861967074
37,0.9805825242718447
50,0.9797553774778575
73,0.9805989034162801
24,0.9814424293547026
99,0.9814502529510961
28,0.9814580699536452
114,0.9806315789473684
4,0.9798064787547328
38,0.9798149705634988
61,0.9789915966386554
104,0.9790004199916001
7,0.9798404031919362
81,0.9798488664987406
7,0.980688497061293
34,0.9806966009232061
117,0.979874213836478
74,0.9807127882599581
10,0.9798910766652702
3,0.980728948470884
76,0.9807370184254607
96,0.9807450816241106
16,0.9815822519882796
63,0.9815899581589959
59,0.9815976578837307
73,0.980777267028834
5,0.9816130380275805
90,0.9824488090263268
35,0.9832845800250731
122,0.9824634655532359
76,0.9824707846410684
6,0.9824780976220275
70,0.9833124739257405
13,0.9833194328607172
67,0.9833263859941642
41,0.9825072886297376
9,0.9825145711906744
45,0.9816971713810316
16,0.9817047817047817
2,0.9817123857024106
2,0.9808970099667774
94,0.9800829875518672
117,0.9800912484446288
151,0.9809207797594359
21,0.9801077496891836
32,0.9809365934521342
154,0.9801242236024845
48,0.9801324503311258
8,0.9801406702523789
20,0.9809681423251966
35,0.9809760132340778
5,0.9818031430934657
58,0.9826302729528535
44,0.9818181818181818
45,0.9818256918628666
47,0.9818331957060281
6,0.981023102310231
173,0.9802143446001649
108,0.9802224969097652
86,0.9802306425041186
7,0.9802387813915191
63,0.980246913580247
23,0.9810699588477366
22,0.9810777457836282
96,0.9802712700369913
15,0.9802793755135579
33,0.9802874743326488
152,0.9802955665024631
43,0.9794913863822805
49,0.978688524590164
94,0.9786972552232691
42,0.9787059787059788
50,0.9779050736497545
144,0.9771054783319706
88,0.9763071895424836
32,0.9755102040816327
3,0.9755201958384333
70,0.974724826742764
8,0.9747351263243684
4,0.9755501222493888
120,0.9763651181744091
17,0.9763747454175152
14,0.9771894093686354
65,0.9771986970684039
144,0.9764035801464606
8,0.9764131760878406
134,0.9772265148434323
18,0.9772357723577236
97,0.9764419171405362
2,0.9756493506493507
41,0.9748580697485807
33,0.975669099756691
50,0.9748784440842788
62,0.9748886188740381
46,0.9740995548360988
61,0.9741100323624595
111,0.973322554567502
19,0.9733333333333334
22,0.9733441033925686
10,0.973354864755753
68,0.9733656174334141
22,0.9725806451612903
12,0.9725916968964128
15,0.9726027397260274
144,0.9718196457326892
92,0.9710378117457763
145,0.9718423169750603
50,0.9726468222043443
16,0.9726578206674709
61,0.9734620024125452
79,0.9734726688102894
125,0.9742765273311897
49,0.974286862193652
54,0.9750903977501004
51,0.974307507025291
21,0.9751103974307507
43,0.9759132878362103
103,0.9751303650220617
41,0.9759326113116726
13,0.9751503006012024
36,0.9759519038076152
61,0.9767535070140281
5,0.9775551102204408
5,0.9775641025641025
50,0.9783653846153846
38,0.9783740488586303
10,0.9775910364145658
137,0.9776
376,0.9776089564174331
28,0.9776179056754596
95,0.9776268477826608
26,0.9784258889332801
52,0.9784345047923323
131,0.9792332268370607
15,0.9792415169660679
10,0.9800399201596807
3,0.9800478850758181
6,0.9792663476874003
66,0.9800637958532695
5,0.9808612440191388
32,0.9808688720605819
131,0.9808764940239044
98,0.980884109916368
47,0.9816806053365194
88,0.981687898089172
9,0.9809069212410502
43,0.9809145129224652
71,0.9809220985691574
57,0.9809296781883194
12,0.9809372517871326
60,0.9801587301587301
6,0.9809523809523809
37,0.9801744647105471
119,0.9801823226317875
52,0.9809750297265161
58,0.9809825673534073
175,0.980990099009901
27,0.9809976247030879
11,0.9802215189873418
18,0.9802293396599446
78,0.9802371541501976
5,0.9794628751974723
34,0.9794709830240821
247,0.978698224852071
38,0.9787066246056783
22,0.9787150177374853
7,0.9787234042553191
26,0.9779527559055118
46,0.977961432506887
14,0.977970102281668
42,0.9772012578616353
38,0.97643362136685
22,0.9764428739693758
68,0.9764521193092621
156,0.9764613573950569
29,0.9764705882352941
23,0.9764798118384947
33,0.9772638181105449
105,0.9764982373678026
16,0.9765074393108849
6,0.9765166340508806
14,0.9757528353539304
29,0.9749902305588121
54,0.9757717858538492
27,0.9765533411488863
5,0.9773348964439235
75,0.9765716516985552
101,0.9765807962529274
0,0.9765899336714787
25,0.9773702692157628
14,0.9766081871345029
124,0.9766173031956352
66,0.9758566978193146
3,0.9766355140186916
18,0.9774143302180686
29,0.9774231218372907
118,0.9782016348773842
38,0.9782101167315175
35,0.9774494556765163
52,0.9766899766899767
22,0.9774669774669774
35,0.9767080745341615
147,0.9767171129220024
1,0.9767261442979054
160,0.9775019394879751
91,0.978277734678045
89,0.9775193798449613
80,0.9782945736434109
7,0.9775367931835787
44,0.9775454897406117
52,0.9775541795665634
184,0.9775628626692456
123,0.9783365570599614
62,0.9783449342614076
33,0.9791183294663574
14,0.979126401236954
106,0.9791344667697064
67,0.9799072642967542
247,0.9799150251062186
153,0.9799227799227799
41,0.9806949806949807
23,0.9807024314936318
36,0.9807098765432098
20,0.9807173158503664
25,0.9814886232163517
19,0.9807321772639692
34,0.9799768964189449
4,0.9799846035411856
80,0.9799923047325895
37,0.9807618314736437
117,0.9807692307692307
73,0.9807766243752403
32,0.9800230503265462
84,0.9807913945447561
13,0.9807987711213517
19,0.9815668202764977
99,0.9815738963531669
12,0.9808208668968162
83,0.9808282208588958
72,0.9800766283524904
83,0.9800842589046342
64,0.9800918836140888
32,0.9793420045906657
17,0.9793499043977055
45,0.9793577981651376
55,0.9786096256684492
112,0.9778625954198473
135,0.9778710415871804
189,0.9778794813119756
168,0.9786422578184591
3,0.9786504003049943
110,0.9794128860083874
17,0.9786666666666667
44,0.9786747905559787
255,0.9779299847792998
32,0.9771863117870723
25,0.9771949828962372
20,0.9772036474164134
39,0.9779635258358662
13,0.9772209567198178
99,0.9779802581624905
34,0.9787395596051632
100,0.9787476280834915
51,0.9780053090633295
104,0.978013646702047
188,0.9772727272727273
2,0.9765329295987888
76,0.9757942511346445
101,0.9765506807866868
68,0.9773071104387292
91,0.9765684051398337
20,0.9758308157099698
192,0.975839939599849
165,0.9758490566037736
11,0.9758581667295361
179,0.975867269984917
72,0.9751318764129616
45,0.9743975903614458
8,0.9744072261949567
23,0.9744168547780286
191,0.9736842105263158
24,0.9736940999624202
111,0.9737039819684448
44,0.97371385655276
32,0.9737237237237237
63,0.9744744744744744
134,0.9737434358589647
1,0.9744936234058514
96,0.9745031871016123
34,0.9752530933633295
14,0.9745222929936306
16,0.9745318352059925
188,0.9745413702733059
40,0.9738121960344183
112,0.9738219895287958
53,0.9745699326851159
59,0.9738415545590433
91,0.9738513261113186
123,0.9738610903659447
422,0.9731343283582089
133,0.9731443491234614
19,0.972418934029072
132,0.9724292101341282
13,0.9717051377513031
100,0.9717156680312616
97,0.9724599925567547
3,0.9724702380952381
14,0.9732142857142857
41,0.973224246931945
141,0.9725009290226682
104,0.9725111441307578
33,0.9725213516524323
3,0.9725315515961396
73,0.9718100890207715
65,0.9718205413422321
2,0.9711004075583549
57,0.9718414227491664
165,0.9725824379399778
45,0.9725925925925926
154,0.9718726868985936
30,0.9718830928597855
15,0.9718934911242604
54,0.9719038817005545
44,0.9726432532347504
90,0.9726533628972653
29,0.972663465090506
11,0.9726735598227474
30,0.9726836471022517
16,0.9726937269372694
1,0.971976401179941
98,0.9727138643067846
33,0.9734513274336283
6,0.9734611131588647
88,0.9741983044600073
22,0.9734806629834254
144,0.9742173112338858
5,0.9742268041237113
94,0.9742362900257637
129,0.9735196763515999
100,0.9735294117647059
96,0.9728141072740631
72,0.9728240910760191
30,0.9721100917431192
11,0.9728440366972477
25,0.9728539985326485
78,0.9728639530619728
7,0.9728739002932552
81,0.9736070381231672
77,0.9743401759530792
72,0.9750733137829912
2,0.9750824477830707
61,0.9750915750915751
12,0.975100695715855
87,0.9743871203805342
157,0.9736745886654479
22,0.9736842105263158
27,0.9736938253562295
11,0.9744245524296675
67,0.9744338933528123
23,0.9737226277372263
43,0.9730123997082422
23,0.973741794310722
108,0.9744711889132021
26,0.9744804958075101
10,0.9744897959183674
140,0.9744990892531876
5,0.973789588642155
40,0.9730811204074209
62,0.9738086576937068
45,0.9745361949799928
76,0.9745454545454545
55,0.9745547073791349
126,0.975281715739731
95,0.9752906976744186
57,0.9752996730839084
74,0.9745916515426497
74,0.9753176043557169
25,0.9753265602322206
98,0.975335509611897
129,0.9760609357997824
46,0.9760696156635243
116,0.9760782892352301
32,0.9760869565217392
120,0.9768115942028985
55,0.9775362318840579
27,0.9768283852280956
38,0.9768367716250452
42,0.9768451519536903
89,0.9775687409551375
49,0.9768618944323934
3,0.9761560693641619
44,0.9754512635379061
39,0.9754601226993865
64,0.9754689754689755
130,0.9747656813266041
114,0.9754866618601298
5,0.9754954954954955
226,0.9747929420237667
118,0.974091399784095
74,0.9741007194244604
75,0.9734004313443566
230,0.9727011494252874
89,0.9734195402298851
6,0.9734290843806104
23,0.9741472172351885
104,0.9741564967695621
9,0.9734576757532282
125,0.9741750358680057
14,0.9734767025089606
43,0.9741935483870968
12,0.974910394265233
80,0.9742120343839542
6,0.9749283667621776
127,0.974937343358396
14,0.9749463135289907
23,0.9756621331424481
50,0.974964234620887
44,0.9749731855559528
10,0.9749821300929236
109,0.9749910682386567
53,0.9757056091461236
145,0.9757142857142858
208,0.9757229560871118
22,0.9750267570460222
140,0.9757402782732786
262,0.9757489300998573
365,0.9757575757575757
57,0.9757662152530292
58,0.9757748485928037
0,0.9757834757834758
22,0.9750889679715302
258,0.9750978299537532
36,0.9751066856330014
74,0.9751155350159971
54,0.9744227353463588
84,0.9751332149200711
208,0.9751420454545454
37,0.9751508697195598
53,0.9758608448704296
80,0.9758694109297374
18,0.9758779709116708
72,0.9751861042183623
76,0.9744952178533475
5,0.9738053097345133
27,0.9738145789101204
2,0.9745222929936306
154,0.9745313052706048
69,0.9745403111739745
47,0.9745493107104984
136,0.9745583038869258
39,0.9752650176678446
51,0.975273754856941
55,0.9759802190038855
7,0.9766866831508301
24,0.9773931472977746
32,0.9767031415460642
254,0.9760141093474427
1,0.9767195767195768
21,0.9767277856135402
40,0.9767359887204794
133,0.9760479041916168
19,0.9753607884547695
38,0.9746746394653535
49,0.9739894551845343
74,0.9746924428822495
55,0.9747013352073085
106,0.9754040758959944
23,0.9761068165846802
26,0.9754213483146067
106,0.9754299754299754
87,0.9747457032620134
54,0.9747545582047685
130,0.9747634069400631
108,0.9747722494744219
34,0.9747810858143607
95,0.9754816112084063
13,0.9747987399369968
181,0.9741168240643582
27,0.9741258741258741
139,0.9748251748251748
12,0.9755244755244755
34,0.9755330304089479
21,0.9755415793151643
123,0.9748603351955307
61,0.974869109947644
120,0.9748778785764132
132,0.9755757152826239
168,0.9762735519888346
49,0.9769713886950454
171,0.9776692254012561
58,0.9776770143006627
163,0.978374607603767
65,0.9783821478382148
6,0.9777003484320558
59,0.9777081156391502
28,0.9777158774373259
24,0.9777236338322312
4,0.977731384829506
78,0.9770514603616134
2,0.9777468706536857
18,0.978442280945758
197,0.9777623349548298
19,0.9770833333333333
69,0.9770912877473099
43,0.9770992366412213
12,0.9764216366158114
14,0.9764298093587521
11,0.9771230502599654
160,0.9771309771309772
67,0.9778239778239778
111,0.9778316591617596
122,0.9785244198129546
125,0.9792171804641496
112,0.9799099411153447
59,0.9799168975069252
0,0.9799238490827276
75,0.9806161301488404
27,0.9813084112149533
199,0.9813148788927336
49,0.9813213420961605
145,0.9820131442407471
160,0.9820193637621023
59,0.9820255789837539
27,0.9820317899101589
72,0.9820379965457686
3,0.9827288428324698
2,0.9820503969623748
53,0.9813728872024836
14,0.9820627802690582
26,0.9820689655172414
233,0.9813921433494142
209,0.9807162534435262
79,0.9800412938747419
117,0.9800481596147231
14,0.9793743554486077
179,0.9787014771556166
35,0.9787087912087912
105,0.9780370624571036
53,0.9780445969125214
3,0.9780521262002744
80,0.9787379972565158
65,0.9787452862529996
148,0.9787525702535984
62,0.9787598492634464
82,0.9787671232876712
22,0.9780971937029432
141,0.9781046869654465
126,0.9787889154977762
19,0.9794731440301061
14,0.9788034188034188
105,0.9788106630211894
73,0.9788179022890331
15,0.9788251366120219
110,0.9788323659952202
35,0.978839590443686
96,0.9788468099624702
2,0.9788540245566166
51,0.9795361527967258
2,0.9788684389911384
26,0.9788756388415673
145,0.978882833787466
143,0.978890023833844
64,0.9788972089857045
174,0.9789043892480436
58,0.9782386943216593
113,0.9775739041794088
83,0.9775815217391305
164,0.9775891341256366
27,0.9775967413441955
85,0.9769335142469471
60,0.9769413360461173
45,0.9769491525423729
33,0.9769569637411047
71,0.9769647696476965
98,0.976303317535545
43,0.9763113367174281
31,0.9769881556683587
33,0.9769959404600812
22,0.9763353617308993
49,0.9763433592429875
7,0.9770192632646164
55,0.977027027027027
66,0.9763673193787981
14,0.9763752953088086
115,0.9763832658569501
29,0.9770580296896086
121,0.9763991908293999
8,0.9764071452645771
61,0.9764150943396226
51,0.9764230380599529
56,0.9764309764309764
153,0.9757738896366084
40,0.9751176866173503
51,0.9757901815736382
117,0.9757983193277311
46,0.9758064516129032
22,0.9764784946236559
62,0.9758226997985225
47,0.9758308157099698
10,0.9758389261744966
95,0.9765100671140939
8,0.9758551307847082
141,0.975201072386059
38,0.9752093802345059
42,0.9752176825184193
41,0.975225979243388
47,0.9758955473719451
99,0.9752425560388089
17,0.9752508361204013
10,0.9752591106653293
102,0.9746074173070498
17,0.9752756431673906
34,0.9752839011356046
129,0.9752921535893155
143,0.9746413079746413
63,0.9746497665110073
8,0.974
71,0.9740086637787404
2,0.9733599733599734
18,0.9733688415446072
5,0.974034620505992
4,0.9740432612312812
27,0.9740518962075848
51,0.9747172322022621
22,0.9747256401729298
117,0.9740777666999003
53,0.973430753902358
13,0.9734395750332006
40,0.9734483903086625
59,0.973457199734572
31,0.9734660033167496
6,0.9741293532338309
9,0.9741379310344828
28,0.9741465031488233
136,0.9735011593242796
48,0.9735099337748344
41,0.9741721854304636
102,0.9748344370860927
2,0.9741892786234282
114,0.9735449735449735
56,0.9742063492063492
75,0.9748677248677249
99,0.9755291005291006
8,0.9755371900826446
86,0.976198347107438
22,0.9755533531549389
40,0.97556142668428
92,0.9755694948827996
14,0.9755775577557756
54,0.9755856153084791
54,0.9749423013517969
120,0.974950560316414
60,0.9749588138385502
92,0.9749670619235836
26,0.9756258234519104
94,0.9756338491932829
52,0.9749917736097401
80,0.975
25,0.9750082209799408
73,0.9756658993752055
53,0.9756738987508218
90,0.9763313609467456
94,0.9769888231426693
65,0.977646285338593
12,0.9770039421813403
0,0.9770114942528736
19,0.976370200196915
125,0.9763779527559056
56,0.9770341207349081
6,0.9763934426229508
95,0.976401179941003
81,0.9764089121887287
54,0.9770642201834863
27,0.9764243614931237
29,0.9764320785597381
73,0.9770867430441899
77,0.9777414075286416
11,0.977101733725875
44,0.9777559699051358
69,0.9784102060843964
20,0.9784172661870504
18,0.9784243216737496
74,0.9784313725490196
35,0.9784384188173799
20,0.9784454604833442
88,0.9790986283474853
73,0.9797517962116263
83,0.9804049640757675
72,0.9810581319399085
56,0.9817112998040496
6,0.9817172706496898
21,0.9817232375979112
19,0.9810828440965427
20,0.9810890120639061
51,0.9810951760104303
21,0.9811013359400457
93,0.9811074918566776
47,0.9811136437642461
71,0.981764897427548
7,0.9824161510908499
99,0.9830674047541518
80,0.9830729166666666
30,0.9824333116460637
47,0.9830839297332465
66,0.9837345478204295
14,0.9843851659076123
54,0.9850357839947951
60,0.9856864020819779
57,0.9863370201691607
52,0.9863414634146341
16,0.9869918699186991
72,0.9876422764227643
86,0.9882926829268293
84,0.988296488946684
5,0.9889466840052016
44,0.988950276243094
50,0.9889538661468485
22,0.9896036387264457
135,0.9902534113060428
9,0.9896103896103896
138,0.9896137617656605
44,0.9902629016553067
6,0.9902660609993511
54,0.9902692182938696
32,0.9896272285251215
35,0.9896305897602073
26,0.9889896373056994
74,0.9889932016833927
35,0.989640660407899
47,0.9896440129449838
4,0.9896473633128438
2,0.9896507115135834
2,0.9902975420439845
5,0.9903006789524733
49,0.9896607431340873
40,0.9890216338391993
23,0.9883833494675702
11,0.9883870967741936
41,0.9890322580645161
16,0.9890357949048694
60,0.9896807481457595
14,0.9896840747904577
17,0.9903288201160542
19,0.9909735654416505
22,0.9909764743796327
4,0.990979381443299
25,0.9903412749517064
34,0.990344383649823
19,0.9909880914065015
4,0.9916317991631799
32,0.9909938887101962
50,0.9909967845659164
12,0.9909996785599485
23,0.9910025706940874
52,0.9910054609701253
3,0.9903691813804173
12,0.9903722721437741
61,0.9910141206675225
36,0.9916559691912709
40,0.9922978177150192
45,0.9923002887391723
0,0.9923027581783195
26,0.9923052260339853
43,0.9929464571978198
14,0.992948717948718
5,0.9929509772508811
31,0.9935917975008011
2,0.9929554915145693
34,0.9935959013768813
23,0.9942363112391931
3,0.9948767211015049
32,0.9955171309638169
0,0.9955185659411011
22,0.99552
24,0.9955214331413947
28,0.9961612284069098
21,0.9968010236724248
12,0.9968020466901183
24,0.9974416373520947
2,0.9974424552429667
7,0.9968051118210862
19,0.9968061322261258
8,0.9968071519795658
2,0.9974457215836526
10,0.997446536865624
12,0.9974473516273133
6,0.9974481658692185
8,0.9980861244019139
0,0.9980867346938775
4,0.9980873445967485
4,0.9987248963978324
7,0.9993624481989162
3,1.0
4,0.9993628544122332
0,0.9993630573248408
2,0.9993632601082458
1,0.9993634627625716
1,1.0
